Category,Subcategory,Item Code,Description,Price,UOM
BEEF CHUCK,CHUCKS,IB4R34,CHAIRMAN'S RESERVE SEMI BNLS C,4.49,LB
BEEF CHUCK,CHUCKS,NA4234,NATIONAL SELECT SEMI B/O CHUCK,4.49,LB
BEEF CHUCK,CHUCKS,IB4334,IBP SELECT SEMI BNLS CHUCKS,4.49,LB
BEEF CHUCK,CHUCKS,NE4134,NEBRASKA CH SEMI BONELESS CHUC,4.99,LB
BEEF CHUCK,CHUCKS,NE4B34,NEBRASKA BEEF CH BI CHUCK BLADE,5.49,LB
BEEF CHUCK,CHUCKS,BRAP01,BLUE RIBBON CAN CAB PR CHUCK ROLLS,4.89,LB
BEEF CHUCK,CHUCKS,IB4R01,CHAIRMAN RESERVE CHUCK ROLL,4.95,LB
BEEF CHUCK,CHUCKS,CF4101,CREEKSTONE CH CHUCK ROLL,4.89,LB
BEEF CHUCK,CHUCKS,NE4001,NEBRASKA N/O CHUCK ROLLS,4.69,LB
BEEF CHUCK,CHUCKS,HB4H01,HERITAGE HARMONY CHUCK ROLLS,4.69,LB
BEEF CHUCK,CHUCKS,DK4201,DEMKOTA CHUCK ROLLS,4.65,LB
BEEF CHUCK,CHUCKS,IB4R14,CHAIRMAN'S RESERVE CHK SHOULDE,4.19,LB
BEEF CHUCK,CHUCKS,NE4414,NEBRASKA CLODS,3.95,LB
BEEF CHUCK,CHUCKS,CF4114,"CREEKSTONE CH 1"" SHOULDER CLOD",4.09,LB
BEEF CHUCK,CHUCKS,CF4F14,CREEKSTONE CH FLAT IRONS,6.39,LB
BEEF CHUCK,CHUCKS,HB4HF4,HERITAGE HARMONEY TOP BLADE/ FLAT IRON,5.69,LB
BEEF CHUCK,CHUCKS,BR42F4,BLUE RIBBON CAN BNLS TOP BLADE/FLAT IRON,5.29,LB
BEEF CHUCK,CHUCKS,SW4F24,SWIFT BNLS TOP BLADE/FLAT IRON,,LB
BEEF CHUCK,CHUCKS,CF4110,CREEKSTONE CH CHUCK FLAP MEAT,12.49,LB
BEEF CHUCK,CHUCKS,NE4110,NEBRASKA CHUCK FLAP MEAT CHOIC,12.39,LB
BEEF CHUCK,CHUCKS,NE4P10,NEBRASKA CHUCK FLAP MEAT-PRIME,12.19,LB
BEEF CHUCK,CHUCKS,NA4310,NATIONAL SEL CHUCK TAIL FLAP MEAT,10.49,LB
BEEF CHUCK,CHUCKS,BR4110,BLUE RIBBON CAN AAA CHUCK FLAP,10.89,LB
BEEF CHUCK,CHUCKS,NA4210,NATIONAL CHUCK TAIL FLAP MEAT,10.89,LB
BEEF CHUCK,CHUCKS,BR4310,BLUE RIBBON CAN AA CHUCK FLAP,10.89,LB
BEEF CHUCK,CHUCKS,NE4410,NEBRASKA CHUCK FLAP,10.89,LB
BEEF CHUCK,CHUCKS,BR4A04,BLUE RIBBON CAN CAB CHUCK TENDERS,,LB
BEEF CHUCK,CHUCKS,BR4204,BLUE RIBBON CAN CHUCK TENDERS,,LB
BEEF CHUCK,CHUCKS,IB4104,IBP CHOICE CHUCK TENDER,4.59,LB
BEEF CHUCK,CHUCKS,IB4404,IBP CHUCK TENDER,4.59,LB
BEEF CHUCK,CHUCKS,IB4R04,CHAIRMAN'S RESERVE CHUCK TENDE,4.79,LB
BEEF CHUCK,CHUCKS,NA4104,NATIONAL CHOICE CHUCK TENDER,4.69,LB
BEEF CHUCK,INSIDE ROUNDS,IB4R68,CHAIRMAN'S RESERVE INSIDE ROUN,4.25,LB
BEEF CHUCK,INSIDE ROUNDS,NE4PQ8,NEBRASKA PRIME XT TOP RD,4.25,LB
BEEF CHUCK,INSIDE ROUNDS,CF4P68,CREEKSTONE PR XT INSIDE ROUNDS,4.25,LB
BEEF CHUCK,INSIDE ROUNDS,CF4168,"CREEKSTONE CH 1"" INSIDE ROUND",4.19,LB
BEEF CHUCK,INSIDE ROUNDS,NA42Q8,NATIONAL XT INSIDE ROUND,3.99,LB
BEEF CHUCK,INSIDE ROUNDS,BR4268,BLUE RIBBON CAN XT INSIDES,3.99,LB
BEEF CHUCK,INSIDE ROUNDS,DK4AC8,DEMKOTA CAB COSMO INSIDE,4.95,LB
BEEF CHUCK,INSIDE ROUNDS,HB4HC8,HERITAGE HAR CAP OFF INSIDE (COSMO),4.79,LB
BEEF CHUCK,GRINDS,IB4160,IBP 80/20 FINE GROUND,4.09,LB
BEEF CHUCK,GOOSENECKS,NE4270,NEBRASKA NO ROLL GOOSENECKS,4.09,LB
BEEF CHUCK,EYES,IB4R38,CHAIRMAN'S RESERVE EYE ROUND,5.39,LB
BEEF CHUCK,EYES,IP4P38,IOWA PREMIUM PRIME EYE ROUND,5.25,LB
BEEF CHUCK,EYES,NE4P38,NEBRASKA PRIME EYE ROUNDS,5.49,LB
BEEF CHUCK,EYES,CF4138,CREEKSTONE CH EYE ROUNDS,5.25,LB
BEEF CHUCK,EYES,NA4138,NATIONAL CHOICE EYE ROUND,5.29,LB
BEEF CHUCK,BOTTOM ROUND FLATS,IB4R44,CHAIRMAN'S RESERVE BOTTOM FLAT,4.29,LB
BEEF CHUCK,BOTTOM ROUND FLATS,NE4P44,NEBRASKA PRIME BOTTOM RD FLAT,4.45,LB
BEEF CHUCK,BOTTOM ROUND FLATS,CF4144,CREEKSTONE CH BOTTOM RD FLAT,4.25,LB
BEEF CHUCK,BOTTOM ROUND FLATS,NA9244,NATIONAL SEL FRZ FLATS,4.29,LB
BEEF CHUCK,BOTTOM ROUND FLATS,NA4944,NATIONAL FROZEN FLATS,4.25,LB
BEEF CHUCK,BOTTOM ROUND FLATS,NA4244,NATIONAL SELECT BOTTOM RD FLAT,4.29,LB
BEEF CHUCK,BOTTOM ROUND FLATS,DK4244,DEMKOTA FLATS,3.99,LB
BEEF CHUCK,BOTTOM ROUND FLATS,NE4344,NEBRASKA SELECT BOTTOM ROUND F,3.99,LB
BEEF CHUCK,KNUCKLES,IB4R50,CHAIRMAN'S RESERVE KNUCKLE PEE,5.15,LB
BEEF CHUCK,KNUCKLES,NA4150,NATIONAL CHOICE PEELED KNUCKLE,4.99,LB
BEEF CHUCK,KNUCKLES,NA4350,NATIONAL SELECT PEELED KNUCKLE,4.99,LB
BEEF CHUCK,KNUCKLES,SW4250,SWIFT PEELED KNUCKLES,4.69,LB
BEEF CHUCK,KNUCKLES,IB4250,IBP PEELED KNUCKLE,4.75,LB
BEEF CHUCK,KNUCKLES,IB4350,IBP SELECT PEELED KNUCKLES,4.75,LB
BEEF CHUCK,KNUCKLES,IB4150,IBP CH PEELED KNUCKLE,4.75,LB
BEEF CHUCK,KNUCKLES,IB4A50,"IBP ""CAB"" PEELED KNUCKLES",4.75,LB
BEEF CHUCK,BONE IN EXPORT RIBS,IBRAEF,"C/R ANGUS 8"" FRENCEHD EXPORT",15.39,LB
BEEF CHUCK,BONE IN EXPORT RIBS,IB4PEF,IBP PRIME FRENCHED 12X12 TOMAHAWK,17.79,LB
BEEF CHUCK,BONE IN EXPORT RIBS,BR4PE2,BLUE RIBBON CAN PRIME EXPORTS RIBS,14.79,LB
BEEF CHUCK,BONE IN EXPORT RIBS,BRAPE2,BLUE RIBBON CAN CAB PR BI RIBEYE,15.49,LB
BEEF CHUCK,BONE IN EXPORT RIBS,BR9PE2,BLUE RIBBON FRZ PRIME EXPORT RIBS,14.49,LB
BEEF CHUCK,BONE IN EXPORT RIBS,IB4PE2,IBP PRIME EXPORT RIB,17.99,LB
BEEF CHUCK,BONE IN EXPORT RIBS,IB4AE2,IBP CAB EXPORT RIB,13.49,LB
BEEF CHUCK,BONE IN EXPORT RIBS,IB4RE2,CH RESERVE EXPORT RIBS 16/UP,14.79,LB
BEEF CHUCK,BONE IN EXPORT RIBS,IB41E2,IBP CHOICE EXPORT RIB,13.79,LB
BEEF CHUCK,BONE IN EXPORT RIBS,CF41E2,CREEKSTONE CH EXPORT RIB,13.89,LB
BEEF CHUCK,BONE IN EXPORT RIBS,HB4HE2,HERITAGE HARMONY EXPORT RIBS,9.19,LB
BEEF CHUCK,BONE IN EXPORT RIBS,IB93E2,IBP FRZ SELECT B/I RIB EYE,9.29,LB
BEEF CHUCK,BONELESS RIB EYES,IB4P12,IBP PRIME RIB EYE,18.49,LB
BEEF CHUCK,BONELESS RIB EYES,IB4R12,CHAIRMAN'S RESERVE RIBEYE BNLS,15.69,LB
BEEF CHUCK,BONELESS RIB EYES,HB4P12,HERITAGE HARMONY PRIME RIBEYES 2PC,16.59,LB
BEEF CHUCK,BONELESS RIB EYES,CF4112,CREEKSTONE CH BNLS RIB EYE,15.49,LB
BEEF CHUCK,BONELESS RIB EYES,IB4112,IBP CHOICE RIB EYE,14.79,LB
BEEF CHUCK,BONELESS RIB EYES,HB4H12,HERITAGE HARMONY RIB EYE 2PC,10.19,LB
BEEF CHUCK,BONELESS RIB EYES,DK9312,DEMKOTA FRZ SELECT RIBEYES,9.29,LB
BEEF CHUCK,"9"" Plate (Rib) Short Ribs",IB4R23,CHAIRMAN'S RESERVE B/I SHORT R,6.79,LB
BEEF CHUCK,"9"" Plate (Rib) Short Ribs",NA4023,NATIONAL SELECT SHORT RIBS,5.99,LB
BEEF CHUCK,Chuck Short Ribs,NA4148,NATIONAL CHOICE CHUCK SHT RIBS,5.59,LB
BEEF CHUCK,Chuck Short Ribs,DK4248,DEMKOTA CHUCK SHORT RIBS,4.59,LB
BEEF CHUCK,Chuck Short Ribs,BR4248,BLUE RIBBON CAN CHUCK SHORT RIBS,4.39,LB
BEEF CHUCK,Chuck Short Ribs,BR4148,BLUE RIBBON CAN AAA CHUCK SHORT RIBS,5.59,LB
BEEF CHUCK,Chuck Short Ribs,HB4H48,HERITAGE HARMONY CHUCK SHORT RIB,4.59,LB
BEEF LOIN,SHORT LOINS,IB4R7B,CHAIRMANS RES 0X1 XT SHORT LOI,9.59,LB
BEEF LOIN,SHORT LOINS,IB4P7B,IBP PRIME 0X1 SHORT LOIN,14.99,LB
BEEF LOIN,SHORT LOINS,IB417B,IBP CHOICE 0X1 SHORT LOINS,8.59,LB
BEEF LOIN,SHORT LOINS,IB437B,IBP SELECT OX1 SHORT LOINS,7.99,LB
BEEF LOIN,Bone In Shells,IB4R7A,CHAIRMANS RESERVE B/I 1X1 XT S,9.39,LB
BEEF LOIN,Bone In Shells,HB4H7A,HERITAGE HARMONY 1X1 BI SHELLS,6.19,LB
BEEF LOIN,STRIPS,IB4R8B,CHAIRMANS RESERVE 0X1 BNLS STRIPS,11.19,LB
BEEF LOIN,STRIPS,IB4P8B,IBP PRIME 0X1 STRIP,14.19,LB
BEEF LOIN,STRIPS,BRAP8B,BLUE RIBBON CAB PRIME 0X1 STRIPS,13.99,LB
BEEF LOIN,STRIPS,HB4P8B,HARMONY HERITAGE PRIME OX1 STRIPS 3PC,12.19,LB
BEEF LOIN,STRIPS,IB418B,IBP CH 0X1 STRIP,10.29,LB
BEEF LOIN,STRIPS,HB4H8B,HARMONY HERITAGE OX1 STRIPS,7.59,LB
BEEF LOIN,STRIPS,IB9280,IBP FROZEN N/R 180 STRIP,5.39,LB
BEEF LOIN,STRIPS,IB4280,IBP N/R 180 LOIN STRIP,5.59,LB
BEEF LOIN,PSMOS,IB4R90,CHAIRMAN'S RESERVE PSMO HEAVY,21.59,LB
BEEF LOIN,PSMOS,IB4190,IBP CHOICE PISMOS USA,20.79,LB
BEEF LOIN,PSMOS,BRAP90,BLUE RIBBON CAN CAB PR PSMO,21.79,LB
BEEF LOIN,PSMOS,CF4F90,CREEKSTONE CHOICE PSMO 12PC,21.79,LB
BEEF LOIN,PSMOS,CF4190,CREEKSTONE CHOICE PSMO,21.99,LB
BEEF LOIN,PSMOS,IB4191,IBP CH BUTT TENDERS 1 PC,14.99,LB
BEEF LOIN,PSMOS,IB4A91,IBP CAB BUTT TENDERS,15.59,LB
BEEF LOIN,PSMOS,HB4H90,HERITAGE HARMONY 5UP PSMO,17.49,LB
BEEF LOIN,PSMOS,BR4290,BLUE RIBBON CAN 5UP PSMO,13.99,LB
BEEF LOIN,PSMOS,SW4490,4 STAR CAN PSMO 5UP,10.69,LB
BEEF LOIN,PSMOS,SW9490,JBS 4 STAR FRZ 5UP PSMO,9.99,LB
BEEF LOIN,TOP BUTTS,IB4R84,CHAIRMAN'S RESERVE B/O TOP BUT,5.99,LB
BEEF LOIN,TOP BUTTS,CF41Q4,"CREEKSTONE CH 1/4"" TOP BUTT",5.99,LB
BEEF LOIN,TOP BUTTS,NE4A84,"NEBRASKA ""CAB"" PR XT TOP BUTT",5.99,LB
BEEF LOIN,TOP BUTTS,NE4PQ4,NEBRASKA PRIME XT TOP BUTTS,5.95,LB
BEEF LOIN,TOP BUTTS,NA4PQ4,NATIONAL PRIME XT TOP BUTTS,5.99,LB
BEEF LOIN,TOP BUTTS,IB43Q4,IBP SELECT XT TOP BUTTS,5.69,LB
BEEF LOIN,TOP BUTTS,CF43Q4,"CREEKSTONE SELECT 1/4"" TOP BUT",5.65,LB
BEEF LOIN,TOP BUTTS,IB4PC4,IBP PRIME COULOTTE,8.19,LB
BEEF LOIN,TOP BUTTS,IB41C4,IBP CH 1PC COULOTTE/RUMP CAP,7.89,LB
BEEF LOIN,TOP BUTTS,IB4AC4,IBP CAB PEELED CULOTTES,7.99,LB
BEEF LOIN,TOP BUTTS,DK4C24,DEMKOTA NR RUMP CAP COULOTTES,6.39,LB
BEEF LOIN,TOP BUTTS,BR42C4,BLUE RIBBON CAN 1PC RUMP CAP/COULOTTE,,LB
BEEF LOIN,TOP BUTTS,BR4284,BLUE RIBBON CAN XT TOP BUTTS,5.35,LB
BEEF LOIN,TOP BUTTS,SW42Q4,SWIFT NR XT TOP BUTTS,5.49,LB
BEEF LOIN,TOP BUTTS,NA4284,NATIONAL TOP BUTT,5.49,LB
BEEF LOIN,TOP BUTTS,HB4H84,HARMONY HERITAGE XT TOP BUTTS,5.29,LB
BEEF LOIN,TOP BUTTS,IB4284,IBP NR TOP BUTT,5.49,LB
BEEF LOIN,TOP BUTTS,NE4284,NEBRASKA N/R TOP BUTT,5.25,LB
BEEF LOIN,HEEL MEAT/BONES,NA0043,NATIONAL CHEEK MEAT CRYO,4.09,LB
BEEF LOIN,HEEL MEAT/BONES,NE4095,NEBRASKA BEEF NECK BONES,2.69,LB
BEEF LOIN,HEEL MEAT/BONES,CF4496,CREEKSTONE CC FEMUR BONES,2.79,LB
BEEF LOIN,HEEL MEAT/BONES,XL4496,JBS CAN CC FEMUR BONES,1.89,LB
BEEF LOIN,THIN CUTS,IB4A16,IBP CAB PEELED TRI TIPS,7.49,LB
BEEF LOIN,THIN CUTS,IB4R10,CHAIRMANS RESEVE TERES MAJOR,10.39,LB
BEEF LOIN,THIN CUTS,HB4H16,HERITAGE HARMONY TRI TIPS,3.49,LB
BEEF LOIN,FLANKS,IB4R93,CHAIRMAN'S RESERVE FLANK STEAK,7.69,LB
BEEF LOIN,FLANKS,BR4A93,BLUE RIBBON CAB CAN FLANKS,6.79,LB
BEEF LOIN,FLANKS,BR4193,BLUE RIBBON CAN AAA FLANK STEAKS,,LB
BEEF LOIN,FLANKS,DK4293,DEMKOTA NR FLANK STEAK,6.49,LB
OFFAL,OXTAILS,IB0006,IBP OXTAILS,6.45,LB
OFFAL,OXTAILS,GO0006,GREATER OMAHA OXTAILS,6.39,LB
OFFAL,OXTAILS,TY0006,TEYS AUS OXTAILS,6.69,LB
OFFAL,OXTAILS,LF0006,KILKOY AUS OXTAILS,6.79,LB
OFFAL,OXTAILS,DK0006,DEMKOTA OXTAILS,6.99,LB
OFFAL,OXTAILS,SFN006,SILVER FERN NZ OXTAILS,6.69,LB
OFFAL,TRIPE,IB0005,IBP H/C TRIPE,6.79,LB
OFFAL,TRIPE,CA0005,333 HC TRIPE (10#),6.39,LB
OFFAL,TRIPE,PL0024,333 PLAIN TRIPE,2.99,LB
OFFAL,TRIPE,PL0003,TRIPE FACTORY OMASUM,3.59,LB
OFFAL,FEET,IB0001,IBP BEEF FEET,2.69,LB
OFFAL,FEET,SW0001,SWIFT BEEF FEET,2.69,LB
OFFAL,FEET,GO0001,GREATER OMAHA BEEF FEET,2.69,LB
OFFAL,FEET,GOH001,GREATER OMAHA HALAL BEEF FEET,4.49,LB
OFFAL,CUT OFFALS,IBC006,CUT UP OXTAILS,6.95,LB
OFFAL,CUT OFFALS,PF0001,NEW YORK 10# SLICED STEER FEET,4.09,LB
OFFAL,CUT OFFALS,PF6209,NEW YORK 10# CUBED MUTTON,4.89,LB
PORK,B/I LOINS,IB3001,IBP PORK LOINS SUPREME TRIM LG,1.45,LB
PORK,B/I LOINS,IN3001,INDIANA B/I PORK LOIN,1.35,LB
PORK,B/I LOINS,IB3R11,CHAIRMAN'S RES PORK LOINS 2PC,1.55,LB
PORK,B/I LOINS,ML3001,SOFINA PORK LOINS,1.55,LB
PORK,B/I LOINS,IB3R02,CHAIRMAN'S RESERVE B/I C/C LOI,1.85,LB
PORK,B/I LOINS,IB3RP2,CHAIRMANS RESERVE PRIME B/I CC LOINS,1.95,LB
PORK,B/I LOINS,HF3C02,HATFIELD #1853 INJ BI CC LOIN,5.89,LB
PORK,B/I LOINS,IB9RT1,C/R FRZ FRENCHED RACKS,3.89,LB
PORK,B/I LOINS,IB3RP1,T/P CHAIRMAN PRIME TOMAHAWKS,5.29,LB
PORK,B/I LOINS,IB3TF1,CHAIRMAN TOMAHAWK BI PK LN,4.49,LB
PORK,B/I LOINS,IB90F1,IBP FRENCHED RACKS,3.79,LB
PORK,B/I LOINS,IB9RP1,CHAIRMAN RESERVE FRZ T/P PRIME TOMAHAWKS,5.09,LB
PORK,B/I LOINS,SM3901,SMITHFIELD FZ PORK LOIN,1.39,LB
PORK,BNLS LOINS,IB3015,IBP BONELESS CC PORK LOIN,1.69,LB
PORK,BNLS LOINS,IB3R15,CHAIRMAN'S RESERVE B/O C/C LOI,1.79,LB
PORK,BNLS LOINS,IB3RP5,CHAIRMANS RESERVE PRIME B/O CC LOINS,1.85,LB
PORK,BNLS LOINS,HF3C15,HATFIELD INJ #1855 BNLS LOIN,4.69,LB
PORK,BNLS LOINS,HF3033,HATFIELD #1178 BLESS PORK SIRL,1.85,LB
PORK,BNLS LOINS,IB3915,IBP FROZEN BO CC LOINS,1.59,LB
PORK,SPARERIBS,IB3003,IBP LIGHT PORK SPARERIBS VACUU,2.15,LB
PORK,SPARERIBS,IB3004,IBP 2PC MEDIUM RIBS,2.19,LB
PORK,SPARERIBS,IN3005,INDIANA 2PC MEDIUM SPARERIB,2.19,LB
PORK,SPARERIBS,IN3003,INDIANA LITE RIBS,2.15,LB
PORK,TENDERLOINS,IB3R16,CHAIRMAN'S RESERVE PORK TENDER,2.29,LB
PORK,TENDERLOINS,IB3RP6,CHAIRMANS RESERVE PRIME PORK TENDERLOIN,2.39,LB
PORK,BABY BACK RIBS,IB3RP0,CHAIRMANS RESERVE PRIME 1PC BACKRIBS,3.19,LB
PORK,BABY BACK RIBS,IB3R30,CHAIRMAN'S 1PC FRESH BACKRIBS,3.25,LB
PORK,BABY BACK RIBS,TY3030,IBP 1PC FROZEN BABY BACKRIBS,2.95,LB
PORK,BABY BACK RIBS,IB3028,IBP FRZ BACK RIB PORTIONS,1.25,LB
PORK,BABY BACK RIBS,IN3028,INDIANA FROZEN PORK BACKRIBS,3.69,LB
PORK,BI BUTTS,ML3018,"SOFINA ""BONE IN"" PORK BUTTS",1.65,LB
PORK,BI BUTTS,IB3018,IBP PORK BUTTS,1.55,LB
PORK,BI BUTTS,IB3R18,CHAIRMANS RESERVE B/I PORK BUT,1.55,LB
PORK,BNLS BUTTS,IB3020,IBP BONELESS BUTTS,1.79,LB
PORK,BNLS BUTTS,IB3R20,CHAIRMAN'S RESERVE B/O PORK BU,1.99,LB
PORK,BNLS BUTTS,SM3020,SMITHFIELD BONELESS PORK BUTTS,1.65,LB
PORK,BNLS BUTTS,ML3C20,SOFINA 74757 CRYO BLS BUTT,,LB
PORK,BNLS BUTTS,IB3CT8,IBP CT BUTTS,2.79,LB
PORK,HAMS,ML3011,SOFINA HAMS 20UP,1.65,LB
PORK,PICNICS,IN3010,INDIANA CALAS,1.35,LB
PORK,PICNICS,IB3R10,CHAIRMAN 1PC PICNICS,1.55,LB
PORK,PICNICS,IB3010,IBP CRYO CALAS,1.32,LB
PORK,PICNICS,HF3510,HATFIELD SMO PICNICS,2.35,LB
PORK,CUSHION MEAT,IB3C14,IBP CRYOVAC CUSHION MEAT,1.79,LB
PORK,ST LOUIS RIBS,IB3RP3,CHAIRMANS RESERVE PRIME ST.LOUIS RIBS,3.15,LB
PORK,ST LOUIS RIBS,IB3906,IBP FRZ ST LOUIS RIB 1PC,2.65,LB
PORK,BELLIES,HF3C35,HATFIELD RIB BELLY CRYO #1787,2.79,LB
PORK,BELLIES,HF1048,HATFIELD COV CLEAR BELLIES,2.79,LB
PORK,BELLIES,IB3R35,CHAIRMAN PRIME SKNLS BELLY'S,3.59,LB
PORK,BELLIES,MT3935,MARTINS FROZEN RIB BELLYS,2.75,LB
PORK,BELLIES,ML3036,SOFINA 50386 RIND-ON BELLY 2PC,2.49,LB
FROZEN PORK,RIB/ LOIN END CHOPS,PF3001,"NEW YORK 1/2"" CUT PORK CHOPS",2.89,LB
FROZEN PORK,RIB/ LOIN END CHOPS,IB3921,IBP RIB ENDS,1.69,LB
FROZEN PORK,RIB/ LOIN END CHOPS,11652,NICOLOSI KAN KAN CHOP,5.09,LB
FROZEN PORK,OFFAL,HF3040,HATFIELD FRESH PORK STOMACHS PAILS,2.59,LB
FROZEN PORK,OFFAL,HF3665,HATFIELD PORK SKINS,1.29,LB
FROZEN PORK,OFFAL,ML1027,SOFINA SKLS FATBACK,0.65,LB
FROZEN PORK,OFFAL,HF3P24,HATFIELD FRESH PORK HEARTS/PAILS,1.99,LB
FROZEN PORK,OFFAL,IB3023,IBP PORK SNOUTS,1.29,LB
FROZEN PORK,OFFAL,ML3936,FEARMAN FRZN FEMUR BONES,0.99,LB
FROZEN PORK,OFFAL,LE3995,LEIDY'S JOWLS FROZEN,1.69,LB
FROZEN PORK,OFFAL,HF3605,HATFIELD PORK KIDNEYS,0.99,LB
FROZEN PORK,OFFAL,CASE,CASINGS,27.99,LB
FROZEN PORK,OFFAL,ML3941,SOFINA FROZEN PIG TAILS,1.49,LB
FROZEN PORK,OFFAL,HF3098,HATFIELD PORK LIVER,0.99,LB
FROZEN PORK,OFFAL,HF3099,HATFIELD PORK TONGUES,2.69,LB
FROZEN PORK,OFFAL,PF3022,NEW YORK 10# SLICED PIGS FEET,2.39,LB
FROZEN PORK,FRESH PIGS,HE3100,FRESH 10/16 PIGS,,LB
FROZEN PORK,FRESH PIGS,HE3101,FRESH 17/20 PIGS,3.49,LB
FROZEN PORK,FRESH PIGS,HE3102,FRESH 20/30 PIGS,,LB
FROZEN PORK,FRESH PIGS,HE3103,FRESH 30/40 PIGS,3.89,LB
FROZEN PORK,FRESH PIGS,HE3104,FRESH 40/50 PIGS,4.09,LB
FROZEN PORK,FRESH PIGS,HE3105,FRESH 50/60 PIGS,3.39,LB
FROZEN PORK,FRESH PIGS,HE3106,FRESH 60/70 PIGS,2.99,LB
FROZEN PORK,FRESH PIGS,HE3107,FRESH 70/80 PIGS,2.79,LB
FROZEN PORK,FRESH PIGS,HE3108,FRESH 80/90 PIGS,2.59,LB
FROZEN PORK,FRESH PIGS,HE3109,FRESH 90/100 PIGS,2.89,LB
FROZEN PORK,FRESH PIGS,HE3110,FRESH 100/110 PIGS,,LB
FROZEN PORK,FRESH PIGS,HE3112,FRESH 120/130 PIGS,,LB
FROZEN PORK,FRESH PIGS,HE3037,FRESH PIG HALVES,,LB
PORK,JFM BI SMOKED HAMS,51239,J.F. MARTIN B/I SMOKED HAM,3.15,LB
PORK,JFM BI SMOKED HAMS,51242,J.F. MARTIN PORTION HAMS,2.19,LB
PORK,JFM HAM STEAKS,51212,J.F. MARTIN BNLS DUTCH HAM 1/4,4.19,LB
PORK,JFM HAM STEAKS,51241,J.F. MARTIN B/IN HAM STEAKS,3.99,LB
PORK,JFM HAM STEAKS,51252,J.F. MARTIN 8oz BNLS HAM STEAK,4.79,LB
PORK,JFM HAM STEAKS,51254,J.F. MARTIN B/O 8OZ. HONEY STEAK,4.69,LB
PORK,JFM HAM STEAKS,61335,J.F. MARTIN SMK PORK CHOPS 2PK,5.29,LB
PORK,SMOKED LOINS,HF3515,HATFIELD SMO.PORK LOIN,2.95,LB
PORK,SMOKED LOINS,VF3515,VILLARI SMO CC LOINS,2.75,LB
PORK,Villari,VF3537,VILLARI SMO PORK HOCKS,2.19,LB
PORK,Villari,VF3513,VILLARI SMO NECKBONES,1.99,LB
PORK,Villari,VF3538,VILLARI SMO PORK TAILS,2.35,LB
PORK,Villari,VF3449,VILLARI RIND ON SLAB BACON VP,4.09,LB
PORK,Villari,VF3R49,VILLARI RINDLESS 1/2 SLAB BACON,4.99,LB
PORK,Indiana,IN7314,INDIANA #80100 14/18 PLATTER BACON 30#,3.99,LB
PORK,Indiana,IN7307,INDIANA 1LB BACON,3.89,LB
PORK,Leidy's,LE7603,LEIDY SMO. KIELBASA (RETAIL PK,,LB
PORK,Leidy's,LE3501,LEIDY ANDOUILLE SAUSAGE,,LB
PORK,Leidy's,LE3C34,LEIDY'S  CRYO SLAB BACON,3.99,LB
PORK,Leidy's,LE7313,LEIDY OLIN THICK 4LB BACON,4.99,LB
PORK,Leidy's,LE3995,LEIDY'S JOWLS FROZEN,1.35,LB
PORK,Leidy's,LE3238,PORK FROZEN SHANK OSSO BUCO SK,2.55,LB
PORK,JFM Food Service Bacon,88401,J.F. MARTIN THICK CUT BACON 14-16 CT,4.69,LB
PORK,JFM Food Service Bacon,30532,JFM APPLEWOOD LAYOUT BACON 14-18,4.69,LB
PORK,RETAIL BACON,30392,J.F. MARTIN 1LB BACON,4.79,LB
PORK,RETAIL BACON,30395,J.F. MARTIN 1LB MAPLE BACON,4.79,LB
PORK,RETAIL BACON,31392,J.F. MARTIN LOW SALT BACON,4.79,LB
PORK,RETAIL BACON,30394,J.F. MARTIN 1LB PEPPER BACON,4.79,LB
PORK,RETAIL BACON,31393,J.F. MARTIN 12oz TURKEY BACON,5.19,LB
PORK,RETAIL BACON,31401,JFM 12 OZ MAPLE TKY BACON,5.19,LB
PORK,RETAIL BACON,30359,J.F. MARTIN BACON ENDS & PCS,3.49,LB
PORK,RETAIL BACON,30480,J.F. MARTIN STACK BACON,4.79,LB
PORK,Smoked ribs,JF3556,JFM BBQ Ribs,5.69,LB
PORK,North Country Smokehouse,21016,N COUNTRY ABF BACON,7.19,LB
PORK,North Country Smokehouse,26143,NORTH COUNTRY ORG APPLEWOOD BACON,10.5,LB
PORK,North Country Smokehouse,27107,NORTH COUNTRY ORG CANADIAN BACON,11.99,LB
PORK,SPIRAL HAM,SA7152,COOK'S SPIRAL HAM,2.69,LB
PORK,SPIRAL HAM,IB7157,HILLSHIRE FARMS BI SPIRALS RED/FOIL,2.85,LB
POULTRY,CHICKENS,PD1025,PERDUE 2.5LB CHICKEN 16HD #213,1.55,LB
POULTRY,CHICKENS,PD1030,PERDUE 3 LB CHICKEN 14HD #215,1.15,LB
POULTRY,CHICKENS,PD1035,PERDUE 3.5LB CHICKEN 12HD #217,1.15,LB
POULTRY,CHICKENS,PD1040,PERDUE 4 LB CHICKEN 11HD #219,1.09,LB
POULTRY,WOGS,MA1030,MOUNTAIRE 3 LB CHICKEN #00300,1.15,LB
POULTRY,WOGS,MA1035,MT.AIR 3.5LB CHIX #00350,1.09,LB
POULTRY,WOGS,MA1040,MT.AIR 4LB CHICKEN,1.05,LB
POULTRY,WOGS,AL1035,ALLEN 3.5LB CHICKENS,1.09,LB
POULTRY,WOGS,BD1940,BEST DRESSED FRZ 4# WOGS,0.69,LB
POULTRY,WOGS,AL1935,ALLEN 3.5# FRZ WHOLE CHICKENS,0.99,LB
POULTRY,WOGS,BD1900,BEST DRESSED FRZ TRUSSED WOGS,0.99,LB
POULTRY,Jumbo BNLESS BREAST,MA1114,MT AIRE JUMBO BLUE LABEL CUTL,1.29,LB
POULTRY,Jumbo BNLESS BREAST,MAB114,MT AIRE JUMBO BLACK LABEL CUT,1.59,LB
POULTRY,Jumbo BNLESS BREAST,MA1112,MOUNTAIRE BNLS BREAST HALVES JUMBO,1.59,LB
POULTRY,Jumbo BNLESS BREAST,HR1116,H.R.CHICKEN CUTLET,1.19,LB
POULTRY,Jumbo BNLESS BREAST,MA1115,MOUNTAIRE TUMBLED 691 CUTLETS,1.12,LB
POULTRY,Jumbo BNLESS BREAST,MA1913,MOUNTAIRE FRZ PLANT GRADE HALVES,0.99,LB
POULTRY,MEDIUM BNLESS BREAST,CC1115,CHICK'S CHOICE MED BNLS BREAST,1.55,LB
POULTRY,MEDIUM BNLESS BREAST,CCR118,CC RESERVE MED F/T BNLS BREAST #30777,1.75,LB
POULTRY,MEDIUM BNLESS BREAST,AL1116,ALLEN CUTLETS A GRADE #18290,1.35,LB
POULTRY,MEDIUM BNLESS BREAST,57290,ALLEN F/T CUTLETS #57290,1.65,LB
POULTRY,MEDIUM BNLESS BREAST,PD1115,PERDUE A GRADE MED CUTLETS,2.15,LB
POULTRY,WINGS,MA1130,MOUNTAIRE JUMBO WINGS #10124,1.19,LB
POULTRY,WINGS,PDR130,PERDUE MED RESTAURANT WINGS,1.59,LB
POULTRY,WINGS,CH1930,COLLEGE HILL FRZ WINGS,0.89,LB
POULTRY,PARTY WINGS,MA1132,MOUNTAIRE JUMBO PARTY WINGS,1.39,LB
POULTRY,PARTY WINGS,HR1132,HOUSE OF RAEFORD JUMBO PARTY W,1.29,LB
POULTRY,PARTY WINGS,AL1132,ALLEN MED PARTY WINGS,1.45,LB
POULTRY,DRUMS,PD1121,PERDUE MED DRUMS,0.89,LB
POULTRY,DRUMS,MA1121,MOUNTAIRE JUMBO DRUMS #08110,0.59,LB
POULTRY,DRUMS,CC1121,CHICK'S CHOICE MED DRUMS,0.49,LB
POULTRY,DRUMS,CH1121,COLLEGE HILL CVP MED DRUMS,0.49,LB
POULTRY,THIGHS,PD1122,PERDUE MED THIGHS #623,1.32,LB
POULTRY,THIGHS,CC1122,CHICKS CHOICE MED THIGH,0.95,LB
POULTRY,THIGHS,HR1122,H.R. BI JUMBO  THIGHS,0.89,LB
POULTRY,THIGHS,AL1122,ALLEN BI THIGHS,0.95,LB
POULTRY,THIGHS,HR1922,HOUSE OF RAEFORD FRZ BI THIGHS,0.49,LB
POULTRY,BNLESS THIGHS,MA1125,MOUNTAIRE JUMBO BLS THIGHS,1.39,LB
POULTRY,BNLESS THIGHS,HR1125,HOUSE OF RAEFORD JUMBO B/L CHIC THIG,1.25,LB
POULTRY,BNLESS THIGHS,MA1925,MOUNTAIRE FRZ BNLS THIGHS,1.19,LB
POULTRY,FOWL,HF1000,HEAVY ICE FOWL,1.12,LB
POULTRY,FOWL,LF1000,LIGHT FOWL,1.22,LB
POULTRY,GIBLETS,MA1140,MOUNTAIRE CHICKEN LIVER,0.95,LB
POULTRY,GIBLETS,PL1141,CHICKEN GIZZARDS,1.05,LB
POULTRY,GIBLETS,PL1142,CHICKEN HEARTS,1.25,LB
POULTRY,GIBLETS,PL1143,CHICKEN BACKS,0.45,LB
POULTRY,GIBLETS,PL1144,CHICKEN NECKS #5262,0.75,LB
POULTRY,MISC.,FT2145,PERDUE JUMBO RST PAWS,2.69,LB
POULTRY,MISC.,61995,ALLEN T/P CHICKEN PAWS,2.05,LB
POULTRY,MISC.,SM2145,SIMMONS CHICKEN PAWS,1.39,LB
POULTRY,FRZ PARTS,PD9805,PERDUE FRZ WHOLE CHICKENS,1.09,LB
POULTRY,FRZ PARTS,AL1935,ALLEN 3.5# FRZ WHOLE CHICKENS,1.15,LB
POULTRY,FRZ PARTS,BD1900,BEST DRESSED FRZ TRUSSED WOGS,1.15,LB
FROZEN POULTRY,TURKEYS,TV2308,TURKEY VALLEY 8/10 TKY,1.99,LB
FROZEN POULTRY,TURKEYS,TV2310,TURKEY VALLEY 10/12 TKY,1.99,LB
FROZEN POULTRY,TURKEYS,TV2312,TURKEY VALLEY 12/14 TKY,1.99,LB
FROZEN POULTRY,TURKEYS,TV2314,TURKEY VALLEY 14/16 TKY,1.99,LB
FROZEN POULTRY,TURKEYS,TV2316,TURKEY VALLEY 16/18 TKY,1.99,LB
FROZEN POULTRY,TURKEYS,TV2318,TURKEY VALLEY18/20 TKYS,1.99,LB
FROZEN POULTRY,TURKEYS,TV2320,TURKEY VALLEY 20/22 TKY,1.99,LB
FROZEN POULTRY,TURKEYS,TV2322,TURKEY VALLEY 22/24 TKY,1.99,LB
FROZEN POULTRY,TURKEYS,TV2324,TURKEY VALLEY 24/26 TKY,1.99,LB
FROZEN POULTRY,TURKEYS,CD2024,COUNTRY DAY ALL NATURAL 20/24 TKY,1.99,LB
FROZEN POULTRY,TURKEYS,TV16/20,TURKEY VALLEY 16/20 TKY,1.99,LB
FROZEN POULTRY,PLAINVILLE TURKEYS,PF2310,PLAINVILLE 10/12 TKY,1.99,LB
FROZEN POULTRY,PLAINVILLE TURKEYS,PF2312,PLAINVILLE 12/14 TKY,1.99,LB
FROZEN POULTRY,PLAINVILLE TURKEYS,PF2314,PLAINVILLE 14/16 TKY,1.99,LB
FROZEN POULTRY,PLAINVILLE TURKEYS,PF2316,PLAINVILLE FARM 16/18 TKYS,1.99,LB
FROZEN POULTRY,PLAINVILLE TURKEYS,PF2318,PLAINVILLE 18/20 TURKEYS,1.99,LB
FROZEN POULTRY,PLAINVILLE TURKEYS,PF2320,PLAINVILLE FARM 20/22 TKYS,1.99,LB
FROZEN POULTRY,PLAINVILLE TURKEYS,PF2322,PLAINVILLE FARM 22/24 TKYS,1.99,LB
FROZEN POULTRY,PLAINVILLE TURKEYS,PF2324,PLAINVILLE 24/26 TKY,1.99,LB
FROZEN POULTRY,TURKEY PARTS,HF2630,HILLSHIRE 3 JOINT WHOLE TKY WINGS,2.09,LB
FROZEN POULTRY,TURKEY PARTS,JO2621,JENNIE O TOM DRUMSTICKS,2.09,LB
FROZEN POULTRY,TURKEY PARTS,HF2631,HILLSHIRE FARMS TOM 2 JOINT WINGS,1.99,LB
FROZEN POULTRY,TURKEY PARTS,PF2623,PLAINVILLE HEN DRUMS,1.79,LB
FROZEN POULTRY,TURKEY PARTS,PF2630,PLAINVILLE TOM WHOLE WINGS,2.09,LB
FROZEN POULTRY,TURKEY PARTS,PF2629,PLAINVILLE WHOLE HEN WINGS,1.99,LB
FROZEN POULTRY,TURKEY PARTS,PFO643,PLAINVILLE ORGANIC TKY NECKS,2.05,LB
FROZEN POULTRY,TURKEY PARTS,PL2646,TURKEY GIZZARDS,0.99,LB
FROZEN POULTRY,TURKEY PARTS,PL2631,TOM 2JT V WINGS,1.99,LB
VEAL/LAMB,FRESH LAMB,CA6009,CATELLI #2884 LAMB FORESHANKS,6.99,LB
VEAL/LAMB,FRESH LAMB,CA6105,CATELLI LAMB LOINS - TRIMMED,8.25,LB
VEAL/LAMB,FRESH LAMB,AV6120,ATLANTIC 2PC LAMB LEGS,5.99,LB
VEAL/LAMB,FRESH LAMB,CA6002,CATELLI LAMB SQ CUT CHUCKS,5.79,LB
VEAL/LAMB,FRESH VEAL,CA9003,CATELLI VEAL BHS,11.29,LB
VEAL/LAMB,FRESH VEAL,CA9001,CATELLI VEAL LOIN TRIMMED 6 PC,9.69,LB
VEAL/LAMB,FRESH VEAL,CA9068,CATELLI VEAL TOP RDS CAP/OFF,20.49,LB
VEAL/LAMB,FRESH VEAL,AV9170,ATLANTIC VEAL RACKS,13.49,LB
VEAL/LAMB,FRESH VEAL,CA9135,CATELLI #1267 VEAL CHUCKS- SQU,5.99,LB
VEAL/LAMB,FRESH VEAL,AV1616,PLUME DE VEAU #616 FRZ VEAL HEARTS,4.49,LB
VEAL/LAMB,FRESH VEAL,MF9044,T. BOER FRZ VEAL HEARTS,3.75,LB
VEAL/LAMB,FRESH VEAL,CA9047,CATELLI #1746 VEAL HEADS (BY T,159,LB
VEAL/LAMB,FRESH VEAL,CA9060,CATELLI GROUND VEAL,7.25,LB
VEAL/LAMB,FRESH VEAL,CA9042,CATELLI VEAL LEG BONES,4.39,LB
VEAL/LAMB,FRESH VEAL,CA9114,CATELLI #4459 14/16OZ RIB CHOP,16.99,LB
VEAL/LAMB,FRESH VEAL,CA9600,CATELLI BISTRO MEATLOAF MIX,5.99,LB
GOAT AND MUTTON,NZ/AUS LAMB,NZ6114,NZ 14/16 F/C LAMB RACK-85071,14.95,LB
GOAT AND MUTTON,NZ/AUS LAMB,NZ6116,NZ 16/18 F/C LAMB RACK-85052,14.95,LB
GOAT AND MUTTON,NZ/AUS LAMB,NZ6118,SPRING 18/20 FR.LAMB RACKS,14.95,LB
GOAT AND MUTTON,NZ/AUS LAMB,NZ6124,NZ 24/UP F/C LAMB RACK,14.95,LB
GOAT AND MUTTON,NZ/AUS LAMB,AU6118,AUSTRALIAN 18/20 F/C LAMB RACK,13.99,LB
GOAT AND MUTTON,IMPORTED BEEF,PL4250,IMPORTED FROZEN PEELED KNUCKLE,4.79,LB
GOAT AND MUTTON,IMPORTED BEEF,AF4250,IMPORTED HALAL PEELED KNUCKLES,4.89,LB
GOAT AND MUTTON,IMPORTED BEEF,SU4095,IMPORTED ROSE MEAT,4.89,LB
GOAT AND MUTTON,IMPORTED BEEF,AMH284,AMH AUS 1PC RUMP CAPS,6.89,LB
GOAT AND MUTTON,IMPORTED BEEF,PL4433,IMPORTED FLAP MEAT FROZEN,5.89,LB
GOAT AND MUTTON,IMPORTED BEEF,KK4S93,KILKOY S 60lb FLANK STEAKS,6.39,LB
GOAT AND MUTTON,IMPORTED BEEF,TY4493,TEYS STEER FLANK STEAK,6.45,LB
GOAT AND MUTTON,IMPORTED BEEF,TR4509,THOMAS FOODS 6PC MUTTON 45DN,3.79,LB
GOAT AND MUTTON,IMPORTED BEEF,TR5309,THOMAS FOODS 6PC MUTTON 53DN,3.69,LB
GOAT AND MUTTON,IMPORTED BEEF,CR6208,CRUSADER NZ MUTTON SHOULDERS,4.09,LB
PROVISIONS,Special Order Items,PL7810,PETER LUGER STEAK SAUCE,57.5,BOX
PROVISIONS,Gwaltney # 19605,GW4168,GWALTNEY #4168 JUMBO MEAT FRAN,2.15,LB
PROVISIONS,Gwaltney # 19605,GW5712,GWALTNEY #5712 MEAT HOT DOGS,2.09,LB
PROVISIONS,Gwaltney # 19605,GW7820,GWALTNEY #7820 BUN LENGTH GREA,2.19,LB
PROVISIONS,Gwaltney # 19605,GW9450,GWALTNEY #9450 BUN LENGTH MEAT,2.09,LB
PROVISIONS,Gwaltney # 19605,GW7823,GWALTNEY #7823 GREAT CHIX DOGS,2.69,LB
PROVISIONS,Sabrett Beef Frks # 7292,SB7416,SABRETT #416 SKL BF FRANK B/SI,88.99,BOX
PROVISIONS,Sabrett Beef Frks # 7292,SB7417,SABRETT #417 SKL BF FRANK BTB,88.99,BOX
PROVISIONS,PALMAS VEGETABLES,10611,PALMAS YUCA 20/16OZ,28.5,LB
PROVISIONS,PALMAS VEGETABLES,10614,PALMAS YUCA 6/4LBS,33.5,LB
PROVISIONS,PALMAS VEGETABLES,10616,PALMAS GRATED YUCA 6/4LBS,34.5,LB
PROVISIONS,PALMAS VEGETABLES,10620,PALMAS PLAINTAIN LEAVES 16/1LB,22.5,LB
PROVISIONS,PALMAS VEGETABLES,10625,PALMAS FRZN PLANTAIN 6/4,37.75,LB
PROVISIONS,CORTE'S CHORIZO,26227,CORTE'S ARGENTINO CHORIZOS,43,BOX
PROVISIONS,CORTE'S CHORIZO,26225,CORTE'S COLOMBIANO CHORIZOS,43,BOX
PROVISIONS,CORTE'S CHORIZO,26229,CORTE'S SALVADORENO CHORIZOS,43,BOX
PROVISIONS,CORTE'S CHORIZO,26228,CORTE'S EQUADORIANO CHORIZOS,43,BOX
PROVISIONS,CORTE'S CHORIZO,26224,CORTE'S MEXICANO CHORIZOS,43,BOX
PROVISIONS,CORTE'S CHORIZO,26226,CORTE'S URUGUAYO CHORIZOS,43,BOX
PROVISIONS,CORTE'S CHORIZO,26231,CORTE'S PERUANO CHORIZOS,43,BOX
PROVISIONS,CORTE'S CHORIZO,26262,CORTE'S MEXICAN COSTENO CHORIZO,43,BOX
PROVISIONS,CORTE'S CHORIZO,26300,CORTE'S DOMINICAN CHORIZOS,43,BOX
PROVISIONS,CORTE'S CHORIZO,26301,CORTE'S GUATEMALEN CHORIZO'S,43,BOX
PROVISIONS,CORTE'S CHORIZO,26010,CORTE'S SMOKED PORK RIBS VAC PACK,5.49,PER LB
PROVISIONS,CORTE'S CHORIZO,26302,CORTE'S CUBAN CHORIZO,43,BOX
PROVISIONS,CORTE'S CHORIZO,26230,CORTE'S BRAZILIAN LINGUICA,43,BOX
PROVISIONS,Carolina Tky Breasts # 3102,CA1301,CAROLINA #81301 SKLS DLX TX BR,3.75,LB
PROVISIONS,Carolina Tky Breasts # 3102,CA1309,CAROLINA #81309 SMKD S/L TKY B,4.19,LB
PROVISIONS,Carolina Frozen Items,CA0097,BUTTERBALL #70097 NET FZN TKY,4.09,LB
PROVISIONS,Reddy Raw # 18165,RN7550,"REGAL 3/8"" ST CUT FRIES (CLEAR",33.75,LB
PROVISIONS,Reddy Raw # 18165,RN7770,"REGAL 3/8"" ST CUT FRIES (RED BOX)",27.5,LB
PROVISIONS,Reddy Raw # 18165,PL7553,REGAL SHOESTRING FRENCH FRIES,32.25,LB
PROVISIONS,Miscellaneous Cheese,PL7418,FINLANDIA SWISS 4X6 WHITE BOX,4.75,LB
PROVISIONS,Miscellaneous Cheese,ST7687,STELLA PROVOLONE,2.99,LB
PROVISIONS,Miscellaneous Cheese,AL7411,ALPINE LACE 1/2 SWISS CHEESE,5.85,LB
PROVISIONS,Miscellaneous Cheese,ST2181,STELLA MOZZARELLA,2.59,LB
PROVISIONS,Muenster Cheese,ST7407,GREAT MIDWEST MUENSTER CHEESE,2.85,LB
PROVISIONS,Land O Lakes,LL7402,LOLAKES #48107 YELLOW LOAF RET,4.09,LB
PROVISIONS,Land O Lakes,LL7412,LOLAKES #48108 WHITE LOAF RETA,4.09,LB
PROVISIONS,GREAT LAKES # 7718,GL7010,GR LAKES #103228 YELLOW LOAF,2.79,LB
PROVISIONS,GREAT LAKES # 7718,GL7012,GR LAKES #103235 WHITE LOAF,2.79,LB
PROVISIONS,TROPICAL CHESSE # 20908,PL7413,TROPICAL WHITE CHEESE,4.29,LB
PROVISIONS,TROPICAL CHESSE # 20908,PL7414,TROPICAL FRYING CHEESE,4.29,LB
PROVISIONS,Butter,HB7450,HOTEL BAR LIGHTLY SALTED BUTTE,4.29,LB
PROVISIONS,Butter,CT7450,CABOT CREAMERY AA UNSALTED BUTTER,3.99,LB
PROVISIONS,NORTHSIDE CHEESE,NS7013,LAUBSCHER MILD YELLOW CHEDDAR,2.99,LB
PROVISIONS,NORTHSIDE CHEESE,NS7441,NORTHSIDE 4X4 SWISS CHEESE,3.39,LB
PROVISIONS,NORTHSIDE CHEESE,NS6122,NORTHSIDE 160 CT SLICED YELLOW AMERICAN,2.29,LB
PROVISIONS,Carando ( 30 Days ) # 7102,CA7460,CARANDO #104460 GRANDE PEPPERO,6.99,LB
PROVISIONS,Carando ( 30 Days ) # 7102,CA7070,CARANDO #117070 PROSCIUTTO SKNLS 1/2'S,9.19,LB
PROVISIONS,Hormel # 7472,HO7117,HORMEL #37013 DELI HAM 35%,2.55,LB
PROVISIONS,Hormel # 7472,HO7112,HORMEL #13507 BOILED HAM 10%,3.05,LB
PROVISIONS,Hormel # 7472,HO7312,HORMEL #44211 PREMIUM LOW SALT,3.25,LB
PROVISIONS,Oils & Shortenings,GF7250,GOLD N FANCY SOYBEAN OIL 35LB,27.5,LB
PROVISIONS,Oils & Shortenings,GF7251,GOLD N FANCY CLEAR SHORTENING 35LB,27.6,LB
PROVISIONS,G & C FROZEN MISC,HF7351,HOFFMAN FZN N/C GERMAN FRANKS,55,BOX
PROVISIONS,Citterio,CI7450,CITTERIO #465 MORTADELLA W/P 4,4.39,LB
PROVISIONS,Citterio,CI7680,CITTERIO #102680 GENOA SALAMI,4.09,LB
PROVISIONS,Morrell / Tobin # 7000 (30D),TO7330,TOBIN #2331 MEAT BOLOGNA,3.35,LB
PROVISIONS,Centurion Deli Meats,CA7680,CORANDO #27348 GENOA SALAMI,4.39,LB
PROVISIONS,Centurion Deli Meats,CA7540,CENTURION #102540 HARD SALAMI,4.49,LB
PROVISIONS,Lindee Corned Beef,LD7594,LINDEE #594 RAW CB BRISKET 38%,5.09,LB
Seafood,SALTED FISH,FR8064,FOX RIVER SALTED POLLOCK 1LB,3.79,LB
Seafood,SALTED FISH,SP5050,LG B/I S/ON SALTED POLLOCK,,LB
Seafood,SALTED FISH,SP4040,LG BNLS SALTED POLLOCK,,LB
Seafood,SALTED FISH,SH1624,SMOKED HERRING,4.49,LB
Seafood,GOLD & FANCY 2LB BAGS,GF8716,GLD FANCY 16/20 CKD SHRIMP T/O,8.89,LB
Seafood,GOLD & FANCY 2LB BAGS,GF8727,GLD FANCY 2LB 26/30 CKD SHRIMP,7.79,LB
Seafood,GOLD & FANCY 2LB BAGS,GF8732,GLD FANCY 2LB 31/40 CKD SHRIMP,7.99,LB
Seafood,GOLD & FANCY 2LB BAGS,GF8742,GLD FANCY 2LB 41/50 CKD SHRIMP,6.89,LB
Seafood,GOLD & FANCY 2LB BAGS,GF8762,GLD FANCY 2LB 61/70 CKD SHRIMP,6.79,LB
Seafood,GOLD & FANCY 2LB BAGS,GF8792,GLD FANCY 2LB 91/110 CKD SHRIMP,6.69,LB
Seafood,GOLD & FANCY E-Z PEEL SHRIMP  2lb bags,GF8616,GLD FANCY RAW EZ PEEL 16/20 SH,6.99,LB
Seafood,GOLD & FANCY E-Z PEEL SHRIMP  2lb bags,GF8631,GLD FANCY RAW EZ PEEL 31/40 SH,6.29,LB
Seafood,GOLD & FANCY RAW TAIL ON  2lb bags,GF8108,GLD FANCY RAW P&D 8/12 SHRIMP 2LB T/ON,11.29,LB
Seafood,GOLD & FANCY RAW TAIL ON  2lb bags,GF8116,GLD FANCY RAW P&D 16/20 SHRIMP,7.99,LB
Seafood,GOLD & FANCY RAW TAIL ON  2lb bags,GF8131,GLD FANCY RAW P&D 31/40 SHRIMP,6.99,LB
