"1011","DELUXE COOKED HAM","$4.20","LB","EA","11.50"
"1012","LARGE DELUXE COOKED HAM","$4.20","LB","EA","14.20"
"1016","SQUARE DELUXE COOKED HAM","$4.20","LB","EA","9.50"
"1017","OBLONG DELUXE COOKED HAM","$4.20","LB","EA","12.00"
"1024","ROUND VIRGINIA HAM NO PINEAPPLE","$4.30","LB","EA","8.00"
"1025","MAPLE GLAZED SMOKED HAM","$4.30","LB","EA","8.00"
"1026","ROUND VIRGINIA HAM","$4.30","LB","EA","8.00"
"1029","ROUND PROSCUTTINI","$4.30","LB","EA","9.00"
"1030","ROUND PROSCUTTINI 1/2","$4.35","LB","EA","4.50"
"1031","DELUXE HOT HAM SMALL","$4.25","LB","EA","4.00"
"1043","FLAT SMOKED HAM 1/2","$4.30","LB","EA","4.50"
"1044","TEAR DROP BOX VIRGINIA HAM","$4.60","LB","EA","4.50"
"1047","NEW BLACK FOREST HAM","$4.25","LB","EA","7.50"
"1048","BLACK FOREST HAM","$4.56","LB","EA","6.00"
"1049","BONELESS SMOKED HAM","$4.25","LB","EA","12.00"
"1050","FLAT SMOKED HAM","$4.25","LB","EA","9.00"
"1051","BONELESS SMOKED VIRGINIA HAM","$4.45","LB","EA","12.00"
"1052","HONEY BAKED HAM","$4.57","LB","EA","9.00"
"1053","HONEY BAKED BABY HAM","$4.57","LB","EA","2.00"
"1054","LOW SODIUM DELUXE COOKED HAM","$4.30","LB","EA","9.00"
"1055","ALL NATURAL BLACK FOREST HAM","$4.50","LB","EA","7.50"
"1215","JERSEY MADE OBLONG HAM","$3.75","LB","EA","12.50"
"1235","JERSEY MADE  RIPPLE SMOKED HAM","$3.80","LB","EA","12.00"
"1236","JERSEY MADE RIPPLE SMOKED HAM 1/2","$3.85","LB","EA","6.00"
"1250","JERSEY MADE RIPPLE VIRGINIA HAM","$3.85","LB","EA","12.00"
"1251","JERSEY MADE RIPPLE VIRG HAM 1/2","$3.90","LB","EA","6.00"
"1260","RIPPLE PROSCUITTINI","$3.85","LB","EA","12.00"
"1265","RIPPLE PROSCUITTINI 1/2","$3.90","LB","EA","6.00"
"1270","RIPPLE HOT HAM","$3.85","LB","EA","12.00"
"1275","RIPPLE HOT HAM 1/2","$3.90","LB","EA","6.00"
"1285","THUM READY TO EAT HOT HAM","$3.85","LB","EA","7.50"
"1286","JERSEY MADE HOT HAM SM","$3.90","LB","EA","4.00"
"1410","WALLY OBLONG HAM","$3.60","LB","EA","14.00"
"1411","WALLY OBLONG HAM 1/2","$3.65","LB","EA","7.00"
"1415","WALLY SQUARE HAM","$3.65","LB","EA","9.00"
"1420","WALLY PEAR SHAPE HAM","$3.60","LB","EA","12.00"
"1610","SPIRAL CUT HAM","$3.34","LB","EA","15.00"
"1612","SPIRAL CUT HAM 1/2","$3.44","LB","EA","8.00"
"1630","BONE IN SMOKED HAM","$3.14","LB","EA","16.00"
"1631","BONE IN SMOKED 1/2 HAM","$3.24","LB","EA","8.00"
"1640","BONE IN SMOKED VIRGINIA HAM","$3.24","LB","EA","16.00"
"1641","BONE IN SMOKED  VIRGINIA 1/2 HAM","$3.34","LB","EA","8.00"
"1650","BONE & TIED FRESH HAM","$3.77","LB","EA","15.00"
"1820","HOMESTYLE ROAST PORK","$4.84","LB","EA","8.00"
"1821","HOMESTYLE ROAST PORK 1/2","$4.89","LB","EA","4.50"
"2010","PASTRAMI NAVEL","$9.05","LB","EA","7.00"
"2012","1ST CUT PASTRAMI","$9.74","LB","EA","5.00"
"2202","ROTISSERIE TURKEY","$7.44","LB","EA","9.00"
"2204","SMALL ITALIAN TURKEY","$7.54","LB","EA","3.50"
"2206","PREMIUM WHITE TURKEY","$7.49","LB","EA","9.50"
"2208","PREMIUM WHITE CATERING TURKEY","$7.49","LB","EA","8.50"
"2209","PETITE SMOKED TURKEY","$7.39","LB","EA","2.00"
"2210","GOURMET TURKEY","$7.24","LB","EA","9.00"
"2210H","GOURMET TURKEY 1/2","$7.34","LB","EA","4.50"
"2211","ALL NATURAL TURKEY","$7.69","LB","EA","9.00"
"2212","CAJUN TURKEY","$7.54","LB","EA","8.00"
"2213","ALL NATURAL WHITE TURKEY","$7.69","LB","LB","9.50"
"2216","PEPPER-PAPRIKA TURKEY","$7.54","LB","EA","7.00"
"2219","ALL NATURAL HICKORY SMOKED TURKEY","$8.09","LB","EA","8.00"
"2220","MESQUITE TURKEY","$7.54","LB","EA","6.50"
"2222","CRACKED BLACK PEPPER  COATED TURKEY","$7.54","LB","EA","8.00"
"2224","TURKEY PASTRAMI","$7.39","LB","EA","3.50"
"2226","LEMON PEPPER TURKEY","$7.39","LB","EA","3.50"
"2228","PEPPER-PAPRIKA TURKEY SMALL","$7.39","LB","EA","3.50"
"2229","CAJUN TURKEY SMALL","$7.39","LB","EA","3.50"
"2230","SANTA FE TURKEY","$7.39","LB","EA","3.50"
"2231","CAJUN TURKEY 1/2","$7.64","LB","EA","4.00"
"2232","THUMANN BROWNED TURKEY","$7.44","LB","EA","9.00"
"2233","MAPLE GLAZED TURKEY BREAST","$7.54","LB","EA","8.50"
"2234","CARAMEL TURKEY","$7.54","LB","EA","9.00"
"2235","MAPLE GLAZED TURKEY BREAST 1/2","$7.64","LB","EA","5.00"
"2239","LOW SODIUM TURKEY 1/2","$7.69","LB","EA","4.25"
"2246","HONEY MOLASSES TURKEY","$7.54","LB","EA","6.50"
"2246H","HONEY MOLASSES TURKEY 1/2","$7.64","LB","EA","3.25"
"2250","HICKORY SMOKED CATERING TURKEY","$7.54","LB","EA","8.50"
"2250H","HICKORY SMOKED CATERING TURKEY 1/2","$7.64","LB","EA","4.25"
"2251","NATURAL SMOKED TURKEY LARGE","$7.54","LB","EA","9.00"
"2251H","NATURAL SMOKED TURKEY BREAST 1/2","$7.64","LB","EA","4.50"
"2253","LOW SODIUM TURKEY HEART SHAPED","$7.59","LB","EA","9.00"
"2254","LOW SODIUM TURKEY","$7.59","LB","EA","8.50"
"2282","THUMANN BROWNED SINGLE BREAST TURKEY","$7.44","LB","EA","4.00"
"2400","PREMIUM CHICKEN BREAST","$4.50","LB","EA","4.00"
"2401","PREMIUM BUFFALO CHICKEN BREAST","$4.60","LB","EA","4.00"
"2402","PREMIUM BBQ CHICKEN BREAST","$4.60","LB","EA","4.00"
"2403","ALL NATURAL  CHICKEN BREAST","$4.75","LB","EA","4.00"
"2406","PREMIUM ROUND CHICKEN","$4.50","LB","EA","4.00"
"2415","GOURMET OVEN ROASTED CHICKEN BREAST","$4.50","LB","EA","5.00"
"2416","CHIPOTLE CHICKEN BREAST","$4.60","LB","EA","4.00"
"2425","THU ALL NATURAL CHICKEN FRANKS","$3.80","LB","EA","1.00"
"2602","A/NAT CAPLSS OV/RO TOP RD","$8.20","LB","EA","6.50"
"2603","CAJUN LONDON BROIL","$7.05","LB","EA","3.00"
"2605","ROAST BEEF CAPLESS","$7.70","LB","EA","13.00"
"2606","RIPPLE ROAST BEEF 1/2","$7.52","LB","EA","4.00"
"2607","RIPPLE ROAST BEEF","$7.47","LB","EA","8.00"
"2608","ROAST BEEF CAPLESS 1/2","$7.80","LB","EA","6.50"
"2609","LONDON BROIL","$6.95","LB","EA","3.00"
"2611","ITALIAN ROAST BEEF","$7.20","LB","EA","12.00"
"2612","ITALIAN ROAST BEEF 1/2","$7.40","LB","EA","6.00"
"2613","CAPLESS NO FAT BEEF","$7.52","LB","EA","16.00"
"2615","SEASONED ROAST BEEF 1/2","$7.40","LB","EA","6.50"
"2616","TOP ROUND AS IS","$5.62","LB","EA","19.00"
"2617","SEASONED ROAST BEEF","$7.30","LB","EA","13.00"
"2618","ROAST BEEF TOP LARGE","$7.28","LB","EA","18.00"
"2619","ROAST BEEF TOP SMALL","$7.28","LB","EA","17.00"
"2620","ROAST BEEF TOP 1/2","$7.38","LB","EA","8.00"
"2625","SEASONED ITAL CAPLESS RB 1/2","$7.40","LB","EA","6.50"
"2626","NO FAT BEEF 14/17","$6.87","LB","EA","16.00"
"2626H","NO FAT BEEF 14/17  1/2","$6.87","LB","EA","10.00"
"2627","NO FAT BEEF 17/20","$6.87","LB","EA","18.00"
"2627H","NO FAT BEEF 17/20  1/2","$6.87","LB","EA","10.00"
"2629","FLAT TRIMMED & TIED BEEF","$6.77","LB","EA","9.00"
"2630","NO FAT BEEF SPECIAL","$6.70","LB","EA","16.00"
"2630H","NO FAT BEEF SPECIAL 1/2","$6.70","LB","EA","10.00"
"2633","A/N BLACK ANGUS PASTRAMI","$6.50","LB","EA","6.50"
"2634","ALL NATURAL CORNED BEEF","$6.40","LB","EA","3.00"
"2636","CAP PASTRAMI","$6.20","LB","EA","7.00"
"2637","CAP CORNED BEEF","$6.10","LB","EA","3.00"
"2641","CAPLESS CORNED BEEF 1/2","$7.39","LB","EA","7.00"
"2642","CORNED BEEF TOP","$6.47","LB","EA","8.00"
"2643","CORNED BEEF BOTTOM LG","$7.07","LB","EA","5.00"
"2644","CORNED BEEF BOTTOM SM","$7.07","LB","EA","5.50"
"2646","BOTTOM PASTRAMI SMALL","$7.17","LB","EA","3.00"
"2647","BOTTOM PASTRAMI LARGE","$7.17","LB","EA","5.00"
"2653","SEASONED LONDON BROIL ROAST BEEF","$7.40","LB","EA","6.50"
"2710","COOKED BRISKET","$9.09","LB","EA","8.00"
"2711","RAW CORNED BEEF BRISKET","$8.04","LB","EA","11.00"
"2712","1ST CUT COOK CORNED BEEF","$9.89","LB","EA","5.00"
"2713","1ST CUT RAW CORNED BEEF","$8.38","LB","EA","5.00"
"2717","1ST CUT RAW CB 1/2","$8.43","LB","EA","2.00"
"2810","SHEEP CASING SAUSAGE 6LB","$3.78","LB","EA","6.00"
"2812","PRE-COOKED SAUSAGE 10 OZ","$4.16","LB","EA","10.00"
"2830","SHEEP CASING SAUSAGE 8-1","$3.80","LB","EA","6.00"
"2835","4-1SKINLESS ITALIAN SWEET SAUSAGE 7","$3.82","LB","EA","20.00"
"2850","PRECOOK SAUSAGE YELLOW 14-1","$3.88","LB","EA","5.00"
"2852","PRECOOK SAUSAGE RED 10-1","$3.88","LB","EA","5.00"
"2860","HOG CASING SAUSAGE","$3.54","LB","EA","6.00"
"2863","DINER STYLE BREAKFAST SAUSAGE","$4.16","LB","EA","4.50"
"2865","THU PRE COOK SAUSAGE PATTY","$3.50","LB","EA","10.00"
"2868","COOKED BRATWURST NATURAL CASING 4-1","$3.95","LB","EA","5.00"
"2870","BRATWURST 5-1  5LB","$3.75","LB","EA","5.00"
"2871","BRATWURST 3-1  5LB","$3.95","LB","EA","5.00"
"2872","PRECOOKED BRATWURST 1LB PKG","$3.95","LB","EA","1.10"
"2873","SKINLESS BRATWURST  4-1 20LB","$3.75","LB","EA","20.00"
"2874","ITALIAN SWEET SAUSAGE 5LB","$3.92","LB","EA","5.00"
"2875","PRECOOKED BRATWURST 20LB","$3.85","LB","EA","20.00"
"2876","ITALIAN HOT SAUSAGE 5LB","$3.92","LB","EA","5.00"
"2877","THUMANN PIZZA TOPPING","$3.57","LB","EA","5.00"
"2878","ITALIAN SAUSAGE SWEET 6 1LB UNITS","$3.97","LB","EA","6.00"
"2879","ITALIAN SAUSAGE HOT 6 1LB UNITS","$3.97","LB","EA","6.00"
"2881","4-1 SWEET ITALIAN SKIN ON 7","$3.97","LB","EA","5.00"
"2882","4-1 HOT ITALIAN SKIN ON 7","$3.97","LB","EA","5.00"
"2890","HOT ITALIAN SAUSAGE 20 LB","$3.87","LB","EA","20.00"
"2891","SWEET ITALIAN SAUSAGE 20 LB","$3.87","LB","EA","20.00"
"3010","SMOKED BUTTS","$5.18","LB","EA","1.50"
"3219","SPECIAL STEW BEEF","$6.66","LB","EA","10.00"
"3220","STEW BEEF","$6.56","LB","EA","5.00"
"3221","STROGANOFF BEEF","$6.71","LB","EA","5.00"
"3241","HAMBURGER PATTIES 5-1","$5.37","LB","EA","5.00"
"3242","HAMBURGER PATTIES  6 OZ","$5.37","LB","EA","11.25"
"3250","HAMBURGER PATTIES 4-1","$5.37","LB","EA","5.00"
"3251","HAMBURGER PATTIES 4-1 2LB","$5.37","LB","EA","2.00"
"3252","HAMBURGER PATTIES 3-1","$5.37","LB","EA","5.00"
"3253","HAMBURGER PATTIES 2-1","$5.37","LB","EA","12.00"
"3410","OLIVE LOAF","$4.05","LB","EA","5.00"
"3412","PICKLE & PIMENTO LOAF","$3.80","LB","EA","5.00"
"3420","BEEF TONGUE","$15.55","LB","EA","6.00"
"3426","KIELBASI LOAF","$4.02","LB","EA","6.00"
"3434","HEAD CHEESE","$4.14","LB","EA","5.50"
"3446","OVAL MINCED LOAF","$3.81","LB","EA","5.50"
"4005","LONG BOLOGNA","$3.81","LB","EA","4.50"
"4025","THICK BOLOGNA","$3.81","LB","EA","12.00"
"4030","THICK BOLOGNA 1/2","$3.81","LB","EA","6.00"
"4035","RED BOLOGNA","$3.81","LB","EA","12.00"
"4036","RED BOLOGNA 1/2","$3.81","LB","EA","6.00"
"4045","NATURAL CASING BOLOGNA","$3.85","LB","EA","8.00"
"4050","BEEF BOLOGNA","$4.46","LB","EA","4.00"
"4065","CHUB BOLOGNA","$3.91","LB","EA","1.00"
"4070","RING BOLOGNA","$3.91","LB","EA","1.50"
"4073","GARLIC BOLOGNA","$3.66","LB","EA","5.00"
"4074","LOW SALT BOLOGNA","$3.91","LB","EA","6.00"
"4075","MORTADELLA WITH PISTACHIO NUTS","$4.20","LB","EA","5.00"
"4076","PLAIN MORTADELLA","$4.10","LB","EA","5.00"
"4205","SMOKED LIVERWURST","$3.73","LB","EA","4.00"
"4215","FRESH LIVERWURST","$3.73","LB","EA","4.00"
"4225","CAP LIVERWURST SMALL","$3.83","LB","EA","1.50"
"4230","CHUB SMOKED LIVERWURST","$3.83","LB","EA","1.50"
"4240","YELLOW CELLO","$3.59","LB","EA","4.50"
"4245","CHUB YELLOW CELLO","$3.69","LB","EA","1.00"
"4410","COOKED SALAMI","$3.83","LB","EA","4.00"
"4610","KIELBASI-VACUUM PACK","$4.42","LB","EA","1.10"
"4620","KIELBASI-LOOSE","$4.37","LB","EA","2.00"
"4621","LOOSE KIELBASA 4-1 8","$4.42","LB","EA","5.00"
"4650","MAMA KIELBASA","$4.34","LB","EA","5.00"
"4804","10 INCH FRANKS","$3.60","LB","EA","5.00"
"4806","8-1 PKG FRANKS","$3.66","LB","EA","6.00"
"4808","8-1 LOOSE FRANK","$3.60","LB","EA","6.00"
"4810","10-1 PKG FRANKS","$3.66","LB","EA","6.00"
"4812","10-1 LOOSE FRANK","$3.60","LB","EA","6.00"
"4813","5-1 LOOSE FRANKS","$3.60","LB","EA","20.00"
"4814","4-1 LOOSE FRANKS","$3.60","LB","EA","10.00"
"4815","4-1 FRANKS 2LB","$3.70","LB","EA","2.50"
"4816","4-1 FRANKS 1LB","$3.75","LB","EA","1.10"
"4819","7 FRANKS 5LB","$3.60","LB","EA","5.00"
"4820","7 FRANKS 20 LB","$3.60","LB","EA","20.00"
"4821","PORK/BEEF SKINLESS 5-1 FRANKS 7 1/2","$3.60","LB","EA","20.00"
"4823","PORK/BEEF SKINLESS FRANKS 7 2/10LB","$3.60","LB","EA","20.00"
"4824","PORK/BEEF SKINLESS FRANKS  8 1/2","$3.60","LB","EA","5.00"
"4825","PORK/BEEF SKINLESS 7 8-1 KAVANAGH","$3.60","LB","EA","20.00"
"4826","KNOCKWURST 4-1 1LB","$3.77","LB","EA","1.20"
"4827","KNOCKWURST 5-1 20 LB","$3.67","LB","EA","20.00"
"4828","LOOSE KNOCKWURST","$3.72","LB","EA","5.00"
"4830","SKINLESS KNOCKWURST","$3.63","LB","EA","5.00"
"5010","ALL BEEF PKG FRANKS","$4.73","LB","EA","6.00"
"5015","ALL BEEF LOOSE FRANKS","$4.67","LB","EA","6.00"
"5016","ALL BEEF SKINLESS FRANKS 4-1 10","$4.67","LB","EA","20.00"
"5017","ALL BEEF SKINLESS FRANKS 5-1","$4.67","LB","EA","5.00"
"5018","ALL BEEF SKINLESS FRANKS 6-1 8","$4.67","LB","EA","10.00"
"5019","ALL BEEF SKINLESS FRANKS 8-1","$4.67","LB","EA","6.00"
"5021","AB PUSHCART SKINLESS 6-1 6 1LB","$4.77","EA","EA","1.00"
"5035","ALL BEEF NATURAL CASING FRANKS 5LB","$5.05","LB","EA","5.00"
"5040","ALL BEEF NATURAL CASING FRANKS 2LB","$5.15","LB","EA","1.90"
"5041","AB NAT CAS PUSHCART 6-1 FRANKS 5LB","$5.05","LB","EA","5.00"
"5042","AB NAT CASING PUSHCART  8-1 FRANKS","$5.05","LB","EA","5.00"
"5043","AB NAT CAS PUSHCART  6-1 FRANKS 1LB","$5.15","LB","EA","1.00"
"5046","ALL BEEF NAT CASING  FRANKS 4-1 5LB","$5.05","LB","EA","5.00"
"5050","AB NAT CAS PUSCHCART FRANKS 10-1 5LB","$5.05","LB","EA","5.00"
"5052","AB NAT CASING PUSHCART FRANKS 1LB","$5.15","LB","EA","1.00"
"5053","AB PUSHCART SKINLESS FRANK4-1 6 1LB","$4.77","LB","EA","1.00"
"5055","AB PUSHCART SKINLESS FRANKS 5LB","$4.67","LB","EA","5.00"
"5056","AB PUSHCART SKINLESS FRANKS 1LB","$4.77","LB","EA","1.00"
"5057","AB PC SKINLESS FRANKS 6-1 8 20 LB","$4.67","LB","EA","20.00"
"5059","AB PC SKINLESS FRANKS 4-1 10 5LB","$4.67","LB","EA","5.00"
"5060","ALL BEEF PUSHCART HOTS 5LB","$4.67","LB","EA","5.00"
"5061","AB PC SKINLESS FRANKS 4-1 8 1/2 5LB","$4.67","LB","EA","5.00"
"5062","AB PC SKINLESS 8-1 FRANKS 7 2LB","$4.67","LB","EA","2.00"
"5063","AB PC SKINLESS FRANKS 3-1 10 5LB","$4.67","LB","EA","5.00"
"5064","AB PC 4-1 SKINLESS FRANKS 6 5LB","$4.67","LB","EA","5.00"
"5068","AB PUSHCART SKINLESS 6-1 6 5LB","$4.67","LB","EA","5.00"
"5070","AB PUSHCART SKINLESS 8-1 7 20LB","$4.67","LB","LB","20.00"
"5072","ALL BEEF PUSHCART HOT 1LB","$4.77","LB","EA","1.00"
"5201","PORK&BEEF NC FRANKS 6-1 20LB","$4.07","LB","EA","20.00"
"5202","PORK & BEEF NC FRANKS 6-1 10 LB","$4.07","LB","EA","10.00"
"5203","PORK&BEEF NC FRANKS NO STRING 20LB","$4.07","LB","EA","20.00"
"5204","PORK & BEEF NC FRANKS 5-1 20LB","$4.07","LB","EA","20.00"
"5206","PORK&BEEF NC FRANKS 4-1 5LB","$4.07","LB","EA","5.00"
"5207","PORK & BEEF NC FRANKS 10-1 5LB","$4.07","LB","EA","5.00"
"5208","PORK&BEEF NC FRANKS 4-1 20LB","$4.07","LB","EA","20.00"
"5209","P&B SC FRANKS 5-1 9 5LB GERARD","$4.07","LB","EA","5.00"
"5210","PORK&BEEF NC FRANKS 8-1 5LB","$4.07","LB","EA","5.00"
"5211","PORK&BEEF NC FRANKS 6-1 1LB","$4.22","LB","EA","1.10"
"5212","PORK&BEEF NAT CASING  6-1 2LB","$4.17","LB","EA","2.40"
"5213","PORK&BEEF NAT CASING 6-1 3LB","$4.17","LB","EA","3.00"
"5215","PORK&BEEF NAT CASING FRANKS 6-1 5LB","$4.07","LB","EA","5.00"
"5216","JALAPENO CHEDDAR  3LB FRANKS","$4.27","LB","EA","3.00"
"5219","JALAPENO CHEDDAR 1 LB PB FRANKS","$4.32","LB","EA","1.10"
"5220","PORK&BEEF NC FRANKS 5-1 5LB","$4.07","LB","EA","5.00"
"5230","ALL NATURAL PORK & BEEF FRANKS","$4.77","LB","EA","6.00"
"5260","PORK&BEEF DEEP FRY FRANKS 10-1 20LB","$4.25","LB","EA","20.00"
"5265","PORK&BEEF DEEP FRY FRANKS 8-1 20LB","$4.25","LB","EA","20.00"
"5266","PORK&BEEF DEEP FRY FRANKS  7 1/4 20","$4.25","LB","EA","20.00"
"5268","PORK&BEEF DEEP FRY FRANKS  6-1  5LB","$4.25","LB","EA","5.00"
"5269","PORK&BEEF DEEP FRY FRANKS 8-1 5LB","$4.25","LB","EA","5.00"
"5270","PORK&BEEF DEEP FRY FRANKS 6-1 20LB","$4.25","LB","EA","20.00"
"5275","PORK&BEEF COCKTAIL FRANKS 5LB","$4.35","LB","EA","5.00"
"6002","THUMANN BLACK FOLDERS","$2.30","EA","EA","0.00"
"6006","CART DEMO WEEK","$200.00","EA","EA","0.00"
"6007","BUSINESS CARDS","$30.00","EA","EA","0.00"
"6008","DAILY TRUCK RENTAL","$225.00","EA","EA","0.00"
"6009","STORE HOUR SIGNS","$0.00","EA","EA","0.00"
"6010","12 PACK COOLER BAG","$7.00","EA","EA","0.00"
"6011","LETTERS","$5.20","SET","EA","0.00"
"6012","GLOSSY PRESENTATION FOLDERS 25 COUNT","$25.00","EA","EA","0.00"
"6013","C-104 PLASTIC HOLDER","$0.00","EA","EA","0.00"
"6014","WEEKLY TRUCK RENTAL","$1020.00","EA","EA","0.00"
"6015","NO MSG BOARD","$21.95","EA","EA","0.00"
"6017B","CAP BLACK","$13.50","EA","EA","0.00"
"6017R","CAP RED","$13.50","EA","EA","0.00"
"6020","THUMANN APRON","$16.00","EA","EA","0.00"
"6020S","STRIPED APRON","$16.00","EA","EA","0.00"
"6021","MSG BOARD WITH SHINGLE","$31.95","EA","EA","0.00"
"6022","DELUXE ELECTRIC MINI CART","$411.00","EA","EA","0.00"
"6024","THU BOXES","$1.00","EA","EA","0.00"
"6025","LARGE BANNER 95X42","$29.00","EA","EA","0.00"
"6025S","SMALL BANNER 36X24","$17.00","EA","EA","0.00"
"6027","CART DEMO","$50.00","EA","EA","0.00"
"6029B","BLACK VISOR","$9.75","EA","EA","0.00"
"6031","UMBRELLA / MINI CART","$30.00","EA","EA","0.00"
"6031P","UMBRELLA POLE/MINI CART","$7.00","EA","EA","0.00"
"6032","SANDWICH LABELS","$0.00","ROL","EA","0.00"
"6034","TEE SHIRT","$11.95","EA","EA","0.00"
"6035H","DELI CASE TAPE HORIZONTAL","$0.00","EA","EA","0.00"
"6035V","DELI CASE TAPE VERTICAL","$0.00","EA","EA","0.00"
"6036","GOLF SHIRT","$17.95","EA","EA","0.00"
"6037L","GRAY BUTTON DOWN L/S","$27.00","EA","EA","0.00"
"6037S","GRAY BUTTON DOWN S/S","$27.00","EA","EA","0.00"
"6038","SWEAT SHIRT BLACK","$16.00","EA","EA","0.00"
"604210","SHELF LINER 10 INCH","$17.36","EA","EA","0.00"
"604212","SHELF LINER 12 INCH","$17.98","EA","EA","0.00"
"6044","NUTRITIONAL INFORMATION","$0.00","CS","EA","0.00"
"6045","PRODUCT CATALOG","$0.00","CS","EA","0.00"
"6049B2","BUTTONDOWN SHIRT S/S BLACK 2XLG SALE","$15.00","EA","EA","0.00"
"6049R2","BUTTON DOWN SHIRT S/S RED 2XLG SALE","$15.00","EA","EA","0.00"
"6049W2","WHITE S/S SHIRT 2X SALE REG $25.50","$15.00","EA","EA","0.00"
"6050B2","BUTTONDOWN SHIRT L/S BLACK 2XLG SALE","$15.00","EA","EA","0.00"
"6050R2","BUTTON DOWN SHIRT L/S RED 2XLG SALE","$15.00","EA","EA","0.00"
"6050WL","BUTTON DOWN SHIRT L/S WHITE LG SALE","$15.00","EA","EA","0.00"
"6054","ZIG ZAG RISER 2 TIER","$70.00","EA","EA","0.00"
"60541","SINGLE STEP RISER","$23.99","EA","EA","0.00"
"60543","3 TIER RISER","$77.00","EA","EA","0.00"
"6055","THU KEY CHAIN","$3.00","EA","EA","0.00"
"6056","DELI MEAT TRAY","$7.95","EA","EA","0.00"
"6059","REPLACEMENT UMBRELLA COVER","$40.00","EA","EA","0.00"
"6060","MARKET UMBRELLA","$99.00","EA","EA","0.00"
"6061B","BLACK S/S EBROIDERED POLO W/POCKET","$28.75","EA","EA","0.00"
"6062R","RED S/S EMBROIDERED POLO W POCKET","$28.75","EA","EA","0.00"
"6063L","PICKLE BARREL LID","$35.00","EA","EA","0.00"
"6065","COOZIES","$1.00","EA","EA","0.00"
"6068","NEW INSULATED HOODED SWEATSHIRT($59)","$30.00","EA","EA","0.00"
"6071","WIND JACKET","$25.00","EA","EA","0.00"
"6072","RAIN JACKET","$37.99","EA","EA","0.00"
"6075","PICKLE JAR 2 GALLON","$37.00","EA","EA","0.00"
"6076","HOT DOG CART CLEAN UP","$50.00","EA","EA","0.00"
"6077B2","P/A MOCK TURTLE 2XLARGE SALE REG $18","$10.00","EA","EA","0.00"
"6078","OPEN/CLOSED SIGN 5PK","$10.00","EA","EA","0.00"
"6079","YETI TRAVEL MUG","$43.00","EA","EA","0.00"
"6080","VEST","$36.99","EA","EA","0.00"
"6082","BLK & GRAY WINDBREAKER","$39.99","EA","EA","0.00"
"6084","ROLL-UP KNIT HAT","$9.00","EA","EA","0.00"
"6085","CUTTER AND BUCK WOMENS POLO","$57.00","EA","EA","0.00"
"6086","CHAMPION HOODED SWEATSHIRT BLACK","$49.00","EA","EA","0.00"
"6088","DELI TAG HOLDER 2 INCH","$0.50","EA","EA","0.00"
"6089","POSTER FRAME 18X24","$8.99","EA","EA","0.00"
"6092","MILAGE CHARGE TRUCK RENTAL","$0.20","MIL","EA","0.00"
"6093","FUEL CHARGE TRUCK RENTAL","$4.00","GAL","EA","0.00"
"6094","THUMANN ETCHED LOGO","$7.99","EA","EA","0.00"
"6095","POSTERS LARGE/SMALL","$0.00","EA","EA","0.00"
"6097","DELI ID KIT","$20.00","SET","EA","0.00"
"6098","J TRACK","$2.00","EA","EA","0.00"
"6099","XMAS GIFT HAPPY HOLIDAYS","$0.00","EA","EA","0.00"
"6103","THUMANN ROUND CHROME 14 CLOCK","$45.00","EA","EA","1.50"
"6110","NEW CHALK BOARD","$84.99","EA","EA","0.00"
"6111","FACE OFF BOARD SALE REG $39","$20.00","EA","EA","0.00"
"6111L","LARGE FACE OFF BOARD SALE REG $59","$30.00","EA","EA","0.00"
"6112","SINGLE PANEL MENU SALE REG $75","$34.00","EA","EA","0.00"
"6113","MINI MENU BOARD","$48.99","EA","EA","0.00"
"6114","LIGHT FANTASTIC","$135.00","EA","EA","0.00"
"6115","SMALL CHALK BOARD","$25.00","EA","EA","0.00"
"6116","LARGE CHALK BOARD","$55.00","EA","EA","0.00"
"6117","THU BLACK SWEATER SALE REG $38","$20.00","EA","EA","0.00"
"6122","2 SEASON JACKET","$54.00","EA","EA","0.00"
"6123","NEW LED SIGN","$135.00","EA","EA","0.00"
"6124","3 SEASON JACKET(REMOVABLE HOOD)","$59.00","EA","EA","0.00"
"6125","HALF ZIP RED  FLEECE SALE REG $49","$25.00","EA","EA","0.00"
"6135","THU HERO SANDWICH BAGS 1000 COUNT","$59.90","EA","EA","0.00"
"6137","50 LATEX BALLOONS WHITE/RED","$14.00","EA","EA","0.50"
"6138","THUMANN PENCILS WHITE/RED 100 ct","$20.00","EA","EA","0.50"
"6139","DOOR DECAL SMALL 16","$4.00","EA","EA","0.10"
"6140","DOOR DECAL LARGE 23","$6.00","EA","EA","0.10"
"6141","TEMPORARY TATTOOS 50 ct","$12.00","EA","EA","0.10"
"6143","METAL CHALK BOARD 24X36","$39.00","EA","EA","5.00"
"6144","NEW WOOD FRAMED CHALKBOARD","$59.00","EA","EA","5.00"
"6145","THUMANN GRAB AND GO BAGS 1000CT","$190.00","EA","EA","0.50"
"6147","THU SAND FOIL 14x16 1000 CT","$60.75","EA","EA","1.00"
"6148","PUFFER JACKET BLACK","$59.00","EA","EA","0.00"
"6149","CUTTER & BUCK GREY HALF ZIP","$60.00","EA","EA","0.00"
"6150","CUTTER & BUCK BLACK POLO","$58.00","EA","EA","0.00"
"6151","SPORT POLO GRAY W/O POCKET","$34.00","EA","EA","0.00"
"6152","SKULLY KNIT HAT","$9.00","EA","EA","0.00"
"6153","ETCHED GRILLING SPATULA","$13.00","EA","EA","0.00"
"6154","THUMANN`S FOOTBALL","$9.00","EA","EA","0.00"
"6155","VINTAGE GRAY T SHIRT LEAGUE","$28.00","EA","EA","0.00"
"6156","VINTAGE BLACK TRUCKER HAT  LEAGUE","$26.00","EA","EA","0.00"
"6160","THUMANN DEMO NAPKIN PACK 250 CT","$30.00","EA","EA","1.00"
"80300","PASTA AND SAUCE (FM) 4LB TRAY","$42.00","CS","LB","24.00"
"80304","TURKEY MEATBALLS AND SAUCE 10oz (FM)","$65.00","CS","LB","25.00"
"80305","BEEF MEATBALLS AND SAUCE 4.5LB","$23.40","CS","LB","9.00"
"80306","TURKEY MEATBALLS AND SAUCE 4.5LB","$23.40","CS","LB","9.00"
"80307","BEEF MEATBALLS IN SAUCE (FM)40 OZ","$58.50","CS","LB","22.50"
"80308","TURKEY MEATBALLS IN SAUCE (FM)40 OZ","$58.50","CS","LB","22.50"
"80309","3 MEAT MEATBALLS IN SAUCE(FM)40oz","$58.50","CS","LB","22.50"
"82670","THU MICRO SLOW COOKED POT ROAST","$24.52","CS","LB","4.50"
"82671","THU MICRO VIRGINIA STYLE HAM","$15.75","CS","LB","4.50"
"82672","MICRO ROASTED GOURMET TURKEY BREAST","$19.13","CS","LB","4.50"
"82673","MICR ROSEMARY & THYME CHICKEN BREAST","$15.30","CS","LB","4.50"
"82675","THU MICRO OVEN ROASTED PORK","$18.00","CS","LB","4.50"
"84216","FULLY COOKED BONELESS SHORT RIBS","$135.00","CS","LB","25.00"
"PA011","LIPARI CHORIZO","$3.42","LB","EA","5.00"
"PA012","LIPARI CHEESE&PARSLEY","$4.85","LB","CS","5.00"
"PA013","LIPARI JALAPENO&PEPPER JACK","$4.80","LB","CS","5.00"
"PA014","LIPARI PEPPERS&ONIONS SAUSAGE","$4.85","LB","CS","5.00"
"PA015","LIPARI CHICKEN SAUSAGE","$3.95","LB","CS","5.00"
"PA016","LIPARI ANDOUILLE SAUSAGE","$3.90","LB","CS","5.00"
"PA017","CHICKEN SAUSAGE/CHEESE&PARSLEY","$5.00","LB","CS","5.00"
"PA018","LIPARI BEEF SAUSAGE","$5.10","LB","CS","5.00"
"PA019","LIPARI BEER BRATS5#","$3.42","LB","CS","5.00"
"PA02","THU/LIPARI 5# SWT ROPE SAUSAGE","$3.25","LB","CS","5.00"
"PA020","LIPARI CHEDDAR BEER BRATS","$3.52","LB","CS","5.00"
"PA021","LIPARI 8INCH SAUSAGE LINK","$3.20","LB","CS","10.00"
"PA022","LIPARI 8INCH CHORIZO LINK","$3.65","LB","CS","10.00"
"PA023","LIPARI 2/5#GROUND VEAL","$5.09","LB","CS","10.00"
"PA024","LIPARI HABERNO SAUSAGE","$3.42","LB","CS","5.00"
"PA025","LIPARI CHICKEN ANDOULLE","$4.20","LB","CS","5.00"
"PA03","THU/LIPARI 5# HOT ROPE SAUSAGE","$3.20","LB","CS","5.00"
"PA04","THU/LIPARI 5# SWEET SAUSAGE","$3.20","LB","CS","5.00"
"PA041","LIPARI SWEET SAUSAGE TRAY PACK","$3.55","LB","CS","10.00"
"PA05","THU/LIPARI 5# HOT SAUSAGE","$3.20","LB","CS","5.00"
"PA051","LIPARI HOT SAUSAGE TRAY PACK","$3.55","LB","CS","10.00"
"PA07","LIPARI BRACCIOLI","$4.80","LB","CS","10.00"
"PA071","LIPARI LAGUNA SAUSAGE","$4.75","LB","CS","5.00"
"PA072","LIPARI SAUSAGE PATTIE HOT&SWEET","$4.75","LB","CS","10.00"
"PA08","GARDEN STATE BRACCIOLI","$5.25","LB","CS","8.50"
"PA081","LIPARI THIN SLICED CHICKEN BREAST","$4.25","LB","CS","20.00"
"PA082","LIPARI CHICKEN PATTIE5#","$4.10","LB","CS","5.50"
"PA11","THU/LIPARI 10# SWEET MEAT","$3.20","LB","CS","10.00"
"PA112","LIPARI R&T PORK BRACCIOLI","$4.10","LB","CS","10.00"
"PA12","THU/LIPARI 10# HOT MEAT","$3.20","LB","CS","10.00"
"PA13","THU/LIPARI 5# SWEET MEAT","$3.20","LB","CS","5.00"
"PA131","LIPARI SWEET SAUSAGE PATTIES","$3.60","LB","CS","10.00"
"PA14","LIPARI CHICKEN SAUSAGE/MOZZ","$5.10","LB","CS","10.00"
"PA15","TH/LIPARI 10# SWT SAUSAGE","$3.20","LB","CS","10.00"
"PA151","LIPARI 10#SWEET ROPE","$3.20","LB","CS","10.00"
"PA16","TH/LIPARI 10# HOT SAUSAGE","$3.20","LB","CS","10.00"
"PA17","LICINI DRY SWEET SAUSAGE","$8.35","LB","CS","10.00"
"PA171","LINCINI ZAMPINO","$5.50","LB","CS","6.00"
"PA18","LICINI DRY HOT SAUSAGE","$8.35","LB","CS","10.00"
"PA181","LICINI PANCETTA","$8.80","LB","EA","6.50"
"PA182","LICINI FINNOCHIO SAUSAGE","$8.60","LB","CS","10.00"
"PA183","LICINI GUANCILAE","$8.60","LB","EA","2.50"
"PA20","CITTERIO OVEN ROASTED PROSCUITTO","$4.35","LB","CS","12.00"
"PA21","CITTERIO COOKED CAPPY # 496","$4.34","LB","CS","11.00"
"PA211","CITTERIO COOKED CAPPY #497","$4.34","LB","CS","9.00"
"PA23","CITTERIO BRESOALA","$16.40","LB","CS","6.00"
"PA241","CARANDO PRE SLICED MORT 12/1#","$50.32","CS","LB","12.00"
"PA25","CITTERIO HARD SALAMI","$3.39","LB","CS","20.25"
"PA26","CITTERIO MINI MORTADELLA","$3.39","LB","CS","15.25"
"PA27","CITTERIO SANDWICH PEPP","$3.91","LB","CS","15.50"
"PA33","CARANDO PROSC 1/2S","$7.10","LB","CS","8.00"
"PA34","CITTERIO P/S HOT CAPPY","$28.69","CS","LB","4.00"
"PA371","CARANDO PRE SLICED CAPPY 12/1#","$7.27","LB","CS","12.00"
"PA39","CITTERIO BONELESS PROSCUITTO","$5.90","LB","CS","10.00"
"PA393","CITTERIO DELI READY PROSC","$8.08","LB","CS","7.50"
"PA40","CITTERIO  SWEET COPPA","$8.94","LB","CS","13.00"
"PA40H","CITTERIO HOT COPPA","$8.94","LB","CS","12.00"
"PA41","PARMA BONELESS PROSCUITTO","$9.45","LB","CS","15.00"
"PA42","CITTERIO CYLINDRICAL MORTADELLA","$3.74","LB","CS","27.00"
"PA42P","CITTERIO CYL MORTADELLA W/PISTACHIO","$3.80","LB","CS","27.00"
"PA43","CITTERIO CHORIZO","$6.59","LB","CS","13.00"
"PA44","CITTERIO ROSEMARY PROSCUITTO","$4.48","LB","CS","11.00"
"PA45","CITTERIO SMALL SOPPPESATA","$6.89","LB","CS","7.00"
"PA45H","CITTERIO SMALL HOT SOPPRESATA","$6.89","LB","CS","7.00"
"PA46","CITTERIO LARGE SOPPRESATA","$6.29","LB","CS","21.00"
"PA461","CITTERIO R/W HOT CAPOCOLLO12/2#","$5.23","LB","CS","24.00"
"PA46H","CITTERIO LARGE HOT SOPPRESATA","$6.29","LB","CS","21.00"
"PA47","CITTERIO PANCETTA","$5.79","LB","CS","17.00"
"PA471","CITTERIO CUBED PANCETTA 12/4OZ","$30.27","CS","EA","3.00"
"PA48","CITTERIO 7OZ ABRUZZESSE","$41.83","CS","LB","10.50"
"PA481","CITTERIO SALAME VINO ROSSO 24/30Z","$49.61","CS","EA","4.50"
"PA482","CITTERIO GENOA/PROVOLONE 28/30Z","$57.67","CS","EA","4.50"
"PA483","CITTERIO 6OZ GENOA/PROV FRESCO","$39.70","CS","EA","4.50"
"PA484","CITTERIO 40Z GENOA FRESCO","$24.75","CS","EA","3.00"
"PA49","CITTERIO 7OZ CALABRESE","$42.32","CS","LB","10.50"
"PA50","CITTERIO BABY GENOA","$41.08","CS","LB","6.75"
"PA51","LICINI SWEET SOPP","$8.45","LB","BX","5.00"
"PA511","LICINI SWEET SOPP LG","$8.45","LB","EA","5.00"
"PA52","LICINI HOT SOPP","$8.45","LB","BX","5.00"
"PA521","LICINI UNCURED SWEET SOPP","$12.15","LB","CS","5.25"
"PA55","CITTERIO SMALL CHORIZO","$7.46","LB","CS","10.50"
"PA551","CITTERIO MORTADELLA PLAIN 1/2","$3.84","LB","CS","19.75"
"PA56","CITTERIO BLADDER MORTADELLA","$3.80","LB","CS","17.00"
"PA66","THUMANN .5OZ COOKED MEATBALL","$3.43","LB","CS","10.00"
"PA67","THUMANN 1 OZ COOKED MEATBALL","$3.43","LB","CS","10.00"
"PA68","THUMANN 1.5 OZ COOKED MEATBALL","$3.43","LB","CS","10.00"
"PA69","THUMANN 2 OZ COOKED MEATBALL","$3.43","LB","CS","10.00"
"PA70C","BUONA VITA 1OZ M/B COOKED","$3.62","LB","CS","10.00"
"PA70D","3OZ BAKED MEATBALLS","$3.50","LB","CS","10.00"
"PA74","VOLPI PROSCIUTTO","$9.06","LB","CS","11.00"
"PA75","THUMANN BONELESS PROSCUITTO 1`2`S","$6.75","LB","CS","10.00"
"PA76","CITTERIO PARMA  PROSC","$9.25","LB","CS","15.00"
"PA78","CITTERIO PRE SLICED PANCETTA","$32.83","CS","LB","3.00"
"PA781","CITTERIO 3OZ SOPP SWEET","$50.10","CS","LB","4.00"
"PA79","CITTERIO PRE SLICED PROSC 12/4OZ","$40.12","CS","EA","4.00"
"PA791","CITTERIO FRESCO 12/4OZ MORT","$20.75","CS","EA","3.00"
"PA792","CITTERIO FRESCO 12/4OZ PROSC","$40.47","CS","EA","3.00"
"PA793","CITTERIO PREMIUM 12/6OZ PROSC","$30.78","CS","EA","6.00"
"PA794","CITTERIO FRESCO 12/4OZ ROSMARINO","$26.31","CS","EA","3.00"
"PA795","CITTERIO PROSC TRIMMING#130","$3.35","lb","cs","41.00"
"PA82","CITTERIO 3 OZ P/S GENOA","$50.11","CS","LB","4.50"
"PA84","CITTERIO P/S PANCETTA","$32.75","CS","LB","3.00"
"PA85","CITTERIO PRE SLICED PROSC","$41.52","CS","LB","6.25"
"PA901","CITTERIO PRE SLICE ROSEMARY 12/4OZ","$26.81","CS","EA","3.00"
"PA902","CITTERIO P/S MILANO#718","$46.64","CS","EA","4.00"
"PA904","CITTERIO P/S SPECK 12/4OZ","$43.73","CS","EA","3.00"
"PA905","CITTERIO P/S MORT 12/4OZ","$20.75","CS","EA","3.00"
"PA906","CITTERIO NATURE DELI ROSEMARY PROSC","$38.24","CS","EA","4.00"
"PA96","SPECK DRY CURED PROSC","$7.75","LB","CS","10.00"
"PA99","LICINI COTECCHINO","$5.25","LB","CS","1.00"
"PA991","LICINI COOKED SALAMI","$5.45","LB","EA","4.00"
"PA992","LICINI CACCIATORI","$8.40","LB","EA","5.00"
"PA993","LICINI COPPA","$8.40","LB","EA","3.00"
"PA994","CITTERIO PROSC&MOZZ12/3OZ","$25.64","CS","EA","2.25"
"PA995","CITTERIO GENOA&PROVOLONE12/3OZ","$20.36","CS","EA","2.25"
"PA996","CITTERIO HARD SALAMI&FONTINA12/3OZ","$20.36","CS","EA","2.25"
"PA997","CITTERIO HOTSOPPE&MOZZ12/3OZ","$20.36","CS","EA","2.25"
"PA998","DRY CURED PORCHETTA","$9.10","LB","CS","27.00"
"PB01","HORMEL BACON TOPPING 2/5#  04544","$70.00","CS","LB","10.00"
"PB02","SMITHFIELD PRECOOKED RND 192SLI BACO","$37.68","CS","LB","5.00"
"PB06","HORMEL PRE COOKED ROUND BACON","$68.46","CS","LB","3.00"
"PB07","THUMANN PRE COOKED BACON","$46.90","CS","LB","3.00"
"PB071","FARMLAND P/C BACON #07233","$40.08","CS","LB","2.75"
"PB072","SM.F FULLY COOKED 18/22PLATINUM","$77.05","CS","LB","3.00"
"PB073","SMF P/C THICK BACON 320SL 7.5#","$48.00","CS","LB","7.50"
"PB08","HORMEL PRE COOKED BACON","$72.15","CS","LB","3.00"
"PB10","THUMANN 25# STACK PACK  18/22 BACON","$3.83","LB","CS","25.00"
"PB11","FARMLAND BRONZE 25#  HRI BACON","$3.79","LB","CS","25.00"
"PB111","FARMLAND RESTAURANT STYLE 18# BACON","$4.15","LB","CS","18.00"
"PB12","SMITHFIELD GM APPLEWOOD 6/8SLICE20#","$4.47","LB","CS","20.00"
"PB16","THUMANN 15# LAYOUT 18/22 BACON","$4.06","LB","CS","15.00"
"PB17","FARMLAND GOLD LAYOUT 14/18 BACON","$4.37","LB","CS","15.00"
"PB19","FARMLAND UNCURED 15# BACON","$3.99","LB","CS","15.00"
"PB20","THUMANN THICK LAYOUT 14/18 BACON","$4.06","LB","CS","15.00"
"PB21","FARMLAND THICK LAYER 14/18 BACON","$4.26","LB","CS","15.00"
"PB22","FARMLAND 9/12 THICK LAYOUT BACON","$4.28","LB","CS","15.00"
"PB32","FARMLAND SMOKED PULLED PORK","$44.75","CS","LB","10.00"
"PB35","THUMANN 1# BACON","$5.45","LB","EA","1.00"
"PB35C","THUMANN 1# BACON CASE","$5.40","LB","CS","24.00"
"PB43","APPLEWOOD SMOKED 14/18 BACON","$4.53","LB","CS","15.00"
"PB46","FARMLAND GOLD APPLEWOOD BACON","$4.49","LB","CS","15.00"
"PB48","10/13 THICK BACON SS J/M","$4.28","LB","CS","15.00"
"PB50","SMITHFIELD RAW DICED BACON BITS 2/5#","$4.06","LB","CS","10.00"
"PB51","FARMLAND CANADIAN BACON 4PC","$4.71","LB","CS","15.00"
"PB511","SMITHFIELD P/S CAN BACON 6/2#","$4.25","LB","CS","12.00"
"PB52","SMITHFIELD UNCURED SLAB BACON13/17","$4.76","LB","CS","15.00"
"PB55","SMITHFIED APPLEWOOD#17484","$4.08","LB","CS","15.00"
"PB56","HORMEL UNCURED 18/22 288SLICED BACON","$111.00","CS","LB","6.50"
"PB57","SMITHFIELD HOTEL BACON 3/6#","$3.95","LB","CS","18.00"
"PB58","HORMEL #39816 10/14 WS BACON","$4.52","LB","CS","15.00"
"PB59","HORMEL APPLEWOOD 13/17 BACON","$4.92","LB","CS","20.00"
"PB60","SMITHFIELD#065459 APPLEWOOD 14/18 BA","$4.74","LB","CS","15.00"
"PC022","HORMEL 6OZ PILLOW PACK 16/6OZ","$45.06","CS","LB","6.00"
"PC12","THUMANN  A/C GENOA","$3.71","LB","CS","20.00"
"PC12H","THUMANN A/C GENOA (CUTS)","$3.91","LB","CS","20.00"
"PC14","THUMANN CARANDO A/C GENOA","$3.37","LB","CS","20.00"
"PC141","MARGARITA GENOA 3PC","$4.66","LB","CS","18.00"
"PC18","HORMEL DILUSSO GENOA SALAMI","$6.02","LB","CS","31.00"
"PC18H","HORMEL DILUSSO CUTS","$6.11","LB","CS","32.00"
"PC19","HORMEL CALABRESE","$5.53","LB","CS","12.00"
"PC20","HORMEL VAC PAC ROSA PEPP","$5.93","LB","CS","10.00"
"PC22","HORMEL ROSA PEPPERONI","$5.64","LB","CS","10.00"
"PC24","HORMEL LEONI  PEPPERONI","$5.01","LB","CS","20.00"
"PC24G","HORMEL LEONI GRANDE PEPPERONI","$5.01","LB","CS","20.00"
"PC25","HORMEL 25# BULK PEPPERONI","$4.54","LB","CS","25.00"
"PC26","HORMEL LONG PEPPERONI","$4.06","LB","CS","25.00"
"PC27","HORMEL P/S WIDE PEPPERONI 10#","$39.06","CS","LB","10.00"
"PC28","HORMEL 8CT ROSA SLICED PEPP","$5.31","LB","CS","25.00"
"PC30","HORMEL MESSINA SALAMI","$6.52","LB","CS","21.00"
"PC31","HORMEL 1861 GOTEBOG","$6.52","LB","CS","25.00"
"PC33","HORMEL HOMELAND SALAMI","$5.58","LB","CS","21.00"
"PC34","HORMEL PEPPERONI & CHEESE LOAF","$5.22","LB","CS","10.00"
"PC35","CITTERIO BABY GENOA 12/9OZ","$42.08","CS","LB","7.00"
"PC36","HORMEL SWT SOPP 1/2","$6.51","LB","CS","12.00"
"PC38","HORMEL CUP PEPPERONI 2/12.5#","$5.20","LB","CS","25.00"
"PC41","MARGHERITA PC PEPPERONI","$4.11","LB","CS","10.00"
"PC43","MARGHERITTA SLICING PEPP","$3.96","LB","CS","15.00"
"PC44","THUMANN HARD SALAMI","$3.81","LB","CS","33.00"
"PC451","STERLING HARD SALAMI","$4.60","LB","CS","34.00"
"PC46","MARGHERITA PEPPERONI FINE","$6.21","LB","CS","10.00"
"PC461","MARGHERITA STICK PEPP","$4.35","LB","CS","10.00"
"PC46C","MARGHERITA PEPPERONI COURSE","$5.37","LB","CS","10.00"
"PC47","THUMANN U N/C GENOA","$5.24","LB","CS","29.00"
"PC49","THUMANN PRE CUT PEPPERONI","$4.44","LB","CS","10.00"
"PC49C","CITTERIO PRE CUT PEPPERONI 10#","$4.44","LB","CS","10.00"
"PC53","MARGHERITA HARD SALAMI","$4.62","LB","CS","19.00"
"PC56","CITTERIO P/C CIAO PEPPERONI","$4.44","LB","CS","10.00"
"PC57","THUMANN SANDWICH PEPPERONI","$3.74","LB","CS","12.00"
"PC57H","THUMANN PEPPERONI(CUTS)","$3.49","LB","CS","13.00"
"PC59","SANDWICH PEPPERONI","$3.74","LB","CS","12.00"
"PC61","CITTERIO P/S BRESOLA#733","$48.75","CS","EA","3.00"
"PC62","CITTERIO COOKED SALAMI #346","$3.04","LB","CS","6.50"
"PC64","HORMEL BOLD SLICED PEPPERONI 2/5#","$4.06","LB","CS","10.00"
"PC66","CITTERIO A/C GENOA","$4.02","LB","CS","20.00"
"PC68","CITTERIO N/C GENOA","$5.24","LB","CS","35.00"
"PC69","CARANDO PRE SLICED WIDE PEPPERONI","$3.65","LB","CS","10.00"
"PC70","CITTERIO GENOA/PROVOLE 30Z 28PACK","$56.42","CS","EA","4.50"
"PC81","CITTERIO FRESCO PANCETTA 40Z","$32.22","CS","LB","6.00"
"PC82","CITTERIO FRESCO PROSC 4OZ","$40.62","CS","LB","6.00"
"PC83","CITTERIO FRESCO SOPPE 4OZ","$31.50","CS","LB","6.00"
"PC84","CITTERIO 6OZ PROSC/MOZZ ROLL","$49.38","CS","EA","4.50"
"PC85","MARGARITA P/S PEPPERONI 8/2#","$4.00","LB","CS","16.00"
"PC86","COLUMBUS HT SOPPE 2/2,5#","$8.91","LB","CS","5.00"
"PC87","CITTERIO SANDWICH PEPPERONI","$3.67","LB","CS","15.00"
"PC88","CITTERIO P/S PROSC 12/1#","$108.08","CS","LB","12.00"
"PC89","CITTERIO P/S GENOA RW","$4.60","LB","CS","21.00"
"PC90","CITTERIO PEPPERED PROSC","$4.02","LB","CS","22.25"
"PC91","CITTERIO 30Z PRONTI SOPPE 24PER","$49.86","CS","LB","4.50"
"PC92","CITTERIO 4OZ FRESCO SPECK","$44.08","CS","LB","3.00"
"PC94","CITTERIO MILANO/FONT 6OZ FRESCO","$47.55","CS","LB","4.50"
"PC95","CITTERIO GENOA/PROV 6OZ FRESCO","$39.76","CS","LB","4.50"
"PC96","CITTERIO 6OZ HOT COPPA FRESCO","$29.08","CS","LB","4.50"
"PC97","CITTERIO 7OZ ORGANIC MILANO","$67.52","CS","LB","5.26"
"PC98","CITTERIO R/W HOT SLICED CAPPY","$5.13","LB","CS","25.20"
"PD10","TAYLOR 6# PORK ROLL","$6.42","LB","CS","12.00"
"PD14","TAYLOR 1# PORK ROLL","$7.10","LB","CS","12.00"
"PD15","TAYLOR 3# PORK ROLL","$6.62","LB","CS","12.00"
"PD20","TAYLOR PORK ROLL THIN SLICES","$7.07","LB","CS","4.50"
"PD21","TAYLOR THICK SLICED PORK ROLL","$7.07","LB","CS","4.50"
"PD40","TRENTON PORK ROLL","$5.66","LB","CS","12.00"
"PD46","JERSEY MADE PORK ROLL","$3.90","LB","CS","12.00"
"PD48","CASE 1.5OZ PORK ROLL 8/1.5OZ","$4.30","LB","CS","12.00"
"PD50","LEBANON BOLOGNA","$6.62","LB","CS","10.00"
"PD51","SWEET LEBANON","$6.71","LB","CS","10.00"
"PE13","JERSEY MADE 8100 TURKEY","$3.90","LB","CS","18.00"
"PE16","THUMANN BRN SKNLS / 46998","$5.05","LB","CS","18.00"
"PE20","THUMANN JUST PERFECT BROWN TURKEY","$5.19","LB","CS","16.00"
"PE23","MICHIGAN 4/5# GROUND TURKEY","$2.63","LB","CS","20.00"
"PE25","THUMANN 920 / 46904 TURKEY","$4.75","LB","CS","19.00"
"PE26","MICHIGAN # 47958","$4.91","LB","CS","18.00"
"PE27","MICHIGAN #46602","$4.51","LB","CS","18.00"
"PE29","MICHIGAN#46622 S/L WHITE TURKEY","$2.88","LB","CS","19.00"
"PE30","THUMANN 925 / 46906 TURKEY","$4.91","LB","CS","19.00"
"PE32","THUMANN RAW TURKEY / 40935","$4.80","LB","CS","19.00"
"PE321","MICHIGAN RAW TURKEY RWA/NET","$4.50","LB","CS","19.25"
"PE42","MICHIGAN SKIN ON TURKEY 46800","$3.49","LB","CS","19.00"
"PE45","CAROLINA 81309","$3.15","LB","CS","18.00"
"PE64","MICHIGAN WHITE S/L TURKEY 46502","$3.86","LB","CS","18.00"
"PE65","MICHIGAN LOW SALT TURKEY","$4.00","LB","CS","18.00"
"PE67","MICHIGAN SMOKED TURKEY #47810","$3.89","LB","CS","17.00"
"PE68","MICHIGAN #49005 TURKEY SAUSAGE","$30.60","CS","LB","10.00"
"PE69","MICHIGAN  TURKEY #47572","$3.89","LB","CS","18.00"
"PE70","CAROLINA 81003 TURKEY","$4.25","LB","CS","18.00"
"PE71","MICHIGAN #48532 P/S SMOKED","$5.14","LB","CS","12.00"
"PE72","MICHIGAN #48530 P/S BRN","$5.50","LB","CS","24.00"
"PE73","MICHIGAN RAW #40021 TURKEY","$3.43","LB","CS","21.00"
"PE74","MICHIGAN #40013 RAW TURKEY","$3.31","LB","CS","19.00"
"PE75","CAROLINA 81036 S/L TURKEY","$5.01","LB","CS","10.00"
"PE76","MICHIGAN #46824","$5.83","LB","CS","17.00"
"PE84","HML #868202","$4.15","LB","CS","20.00"
"PE85","BB#91108","$2.74","LB","CS","19.00"
"PE87","BB#81024","$2.78","LB","CS","18.00"
"PE88","BB#88495 FROZEN","$2.23","LB","CS","19.00"
"PE89","BB TURKEY #10513","$2.78","LB","CS","20.00"
"PE90","BB FROZEN TURKEY#87416","$2.38","LB","CS","19.00"
"PE91","HORMEL#868602 TURKEY","$4.15","LB","LB","19.00"
"PE92","MICHIGAN HONEY SMOKED TURKEY#46848","$4.79","LB","CS","18.00"
"PE96","MICHIGAN#47198 TURKEY TENDER BROWNED","$4.04","LB","CS","19.00"
"PE97","CAROLINA #91366 TURKEY","$4.90","LB","EA","1000.0"
"PE99","MICHIGAN 46800 TURKEY","$3.96","LB","CS","18.00"
"PE991","MICHIGAN 46812 PAN ROASTED","$4.50","LB","CS","17.00"
"PF01","CROSS DOCK FEE","$40.00","EA","CS","1.00"
"PF02","GARBAGE LEFT ON DOCK","$45.00","CS","",""
"PF05","ACME#5965D BROOKLYN SLICED NOVA","$16.28","LB","CS","5.00"
"PF06","ACME#0407N 8OZ NO LABEL NOVA","$120.78","CS","EA","6.00"
"PF10","HORMEL SPICED HAM","$3.67","LB","EA","5.00"
"PF11","J&J CHOC/CHIP COOKIE 216/1.5OZ","$55.00","CS","LB","21.00"
"PF12","J&J SUGAR COOKIE 288/1.5OZ","$55.00","CS","LB","21.00"
"PF13","J&J OAT/RAISIN COOKIE 240/1.5OZ","$55.00","CS","LB","22.00"
"PF14","J&J GRMT DARK CHOC 1OZ/240","$55.00","CS","LB","15.00"
"PF15","J&J NAT-CHK CHOC CK DOUGH1.5/240","$74.50","CS","LB","22.50"
"PF16","4OZ BANANA PUDDING CUP 12PK","$25.53","CS","LB","3.00"
"PF17","5OZ CHOC PUDDING CUP 12/PK","$25.53","CS","LB","3.75"
"PF18","5OZ STRAWBERRY CHEESE CAKE 12PK","$29.94","CS","LB","3.75"
"PF19","5OZ CARROT CAKE 12PK","$23.76","CS","LB","3.75"
"PF20","5OZ RED VELVET CAKE 12PK","$23.76","CS","LB","3.75"
"PF21","7OZ APPLE COBBLER 12PK","$23.76","CS","LB","6.00"
"PF22","7OZ PECAN COBBLER 12PK","$23.76","CS","LB","6.00"
"PF23","4IN PECAN PIE 12/4OZ PK","$24.49","CS","LB","3.00"
"PF24","4INCH BUTTERMILK PIE 12/4OZPK","$24.49","CS","LB","3.00"
"PF25","COOKIES&CREAM4OZ CUP","$30.94","CS","LB","5.50"
"PF26","SCOOPABLE CHEESECAKE IN A TUB","$46.75","CS","LB","7.00"
"PF27","LEMON PIE12/4OZ 4INCH","$24.49","CS","LB","3.00"
"PF28","7OZ PEACH COBBLER12PK","$23.76","CS","LB","6.00"
"PF29","4INCH SWEET POT PIE 12PK","$24.49","CS","LB","5.00"
"PF30","CLADDAGH IRISH CHED1PC","$9.50","LB","CS","10.00"
"PF31","HONEY GOAT CHEESE LOG 12/4OZ","$37.50","CS","LB","3.00"
"PF32","DRUNKEN GOAT CHEESE","$10.84","LB","CS","10.00"
"PF33","JAMACIAN BEEF PATTIES","$64.75","CS","LB","15.00"
"PF34","DUBAI 4OZ CHOCCOLATE","$38.88","CS","LB","3.00"
"PF35","4OZ BAKLAVA CHEESECAKE","$30.94","CS","LB","3.00"
"PF36","KRINOS R&G PEPPER STRIPS4/1GAL","$24.50","CS","LB","32.00"
"PF37","WHOLE PEPPERONCINI 4/1GAL","$22.74","CS","LB","32.00"
"PF38","SLICED PEPPERONCINI 4/1GAL","$23.96","CS","LB","32.00"
"PF39","MILD BANANA PEPPER RINGS4/1GAL","$23.10","CS","LB","32.00"
"PF40","SLICED JALAPENO PEPPERS 4/1GAL","$19.87","CS","LB","32.00"
"PF41","HT BANANA PEPPER RINGS4/1GAL","$23.10","CS","LB","32.00"
"PF42","ROASTED RED PEPPERS 6/2900GS","$33.00","CS","LB","39.00"
"PG131","KOCH CHICKEN FRIES #86358","$36.50","CS","LB","10.00"
"PG151","TYSON 4 PC CHICKEN #20727","$39.05","CS","LB","15.00"
"PG17","THUMANN CHICKEN STEAKS","$2.90","LB","CS","10.00"
"PG20","NEW TT FC GRILLED 4OZ CHICKEN","$57.40","CS","LB","10.00"
"PG21","NEW HOMESTYLE BRD TENDERLOIN","$32.60","CS","LB","10.00"
"PG22","TYSON UNCOOKED BRD TENDER#077441","$35.15","CS","LB","10.00"
"PG25","TYSON 944 COOKED CHICKEN BRST FIL","$57.98","CS","LB","10.00"
"PG271","TYSON 44002 CHICKEN","$46.05","CS","LB","10.00"
"PG32","TYSON 5210  COOKED WINGS OF FIRE","$40.40","CS","LB","10.00"
"PG331","KOCH HOT BREADED WINGS 86616","$57.10","CS","LB","15.00"
"PG332","KOCH BREADED MILD WINGS 2/7.5# 86614","$57.10","CS","LB","15.00"
"PG35","TYSON 435 GRILLED CHICKEN 36/4.5OZ P","$70.50","CS","LB","10.00"
"PG383","TYSON 38364 FULLY COOKED CHICKEN FIN","$32.00","CS","LB","10.00"
"PG41","KOCH SAVORY CHICKEN FINGERS 86735","$44.80","CS","LB","10.00"
"PG43","THUMANN BREADED CHICKEN CUTLET","$43.00","CS","LB","10.00"
"PG433","KOCH FULLY COOKED FINGERS 87083","$43.00","CS","LB","10.00"
"PG434","KOCH CHICKEN NUGGETS 85667","$34.40","CS","LB","10.00"
"PG435","SPICEY BREADED CUTLET5.2OZ 2/5#","$39.65","CS","LB","10.00"
"PG436","UNCOOKED BRD 4-6OZ CHICKEN FLT","$31.50","CS","LB","10.00"
"PG44","THUMANN ITALIAN CHICKEN CUTLET","$43.50","CS","LB","10.00"
"PG441","NELLIE`S ITALIAN CHICKEN CUTLET","$50.00","CS","LB","10.00"
"PG449","BRAKEBUSH 1/10#ITALIAN CHICKEN(#2S)","$24.00","CS","LB","10.00"
"PG451","KOCH GRILLED MARK CHICKEN FILLET","$59.40","CS","LB","10.00"
"PG471","KOCH BUFFALO WINGS 10# 8622","$46.00","CS","LB","10.00"
"PG50","GARLIC WRAPS","$17.25","CS","LB","15.00"
"PG501","10 INCH PLAIN WRAP","$21.80","CS","LB","24.00"
"PG503","6 INCH PLAIN WRAP 16/180Z","$20.40","CS","EA","18.00"
"PG504","GLUTEN FREE PLAIN WRAP 60/CASE","$32.45","CS","EA","9.00"
"PG505","LOW CARB PLAIN WRAP","$27.75","CS","LB","15.00"
"PG51","TOMATO WRAPS","$17.25","CS","LB","15.00"
"PG511","RED PEPPER WRAPS 72 COUNT","$14.35","CS","EA","15.00"
"PG52","PLAIN WRAPS","$17.00","CS","LB","15.00"
"PG521","10 INCH WRAPS","$20.70","CS","LB","25.00"
"PG53","SPINACH WRAPS","$17.25","CS","LB","15.00"
"PG54","JALAPENO WRAPS","$17.25","CS","LB","15.00"
"PG55","WHEAT WRAPS","$17.10","CS","LB","15.00"
"PG69","TYSON RED 38351 4OZ GRIL CHICK BRST","$71.55","CS","LB","10.00"
"PG70","TYSON SPICEY BREADED WINGS","$47.92","CS","LB","15.00"
"PG76","TYSON GOLDEN CRISPY TENDERLOIN 38326","$36.50","CS","LB","10.00"
"PG84","TYSON 38320 CHICKEN TENDERS","$42.75","CS","LB","10.00"
"PG92","TYSON HOT/SPICY TENDERS 38365","$29.30","CS","LB","10.00"
"PG93","TYSON HOT/SPICEY CHICKEN BRST 38362","$30.30","CS","LB","10.00"
"PG94","TYSON RED 38361 CK CRISPY CHICKBRST","$35.35","CS","LB","10.00"
"PG995","TYSON ITALIAN 4002 CHICKEN","$67.25","CS","LB","10.00"
"PG996","TYSON 38363 RED CHICKEN FRITTERS","$31.00","CS","LB","10.00"
"PI01","NEW THUMANN`S 4OZ STKS(207)","$3.75","LB","cs","10.00"
"PI02","NEW THUMANN`S 5OZ STKS(207)","$3.75","LB","cs","10.00"
"PI03","NEW THUMANN`S HP 4OZ STKS(257)","$3.29","LB","CS","10.00"
"PI04","NEW THUMANN`S 5OZ HP STKS(257)","$3.29","LB","CS","10.00"
"PI05","NEW THUMANN`S L/B CHICKEN STEAKS(102","$2.45","LB","CS","10.00"
"PI07","NEW 5OZ SLICED RIBEYE 10#","$4.80","LB","CS","10.00"
"PI20","THUMANN MARINATED BEEF STEAK","$5.35","LB","BOX","10.00"
"PI28","T 3OZ BEEF STEAKS","$5.65","LB","BOX","10.00"
"PI29","T 4OZ BEEF STEAK","$5.65","LB","BOX","10.00"
"PI30","T 5OZ BEEF STEAK","$5.65","LB","BOX","10.00"
"PI31","T 6OZ BEEF STEAK","$5.65","LB","BOX","10.00"
"PI36","HORMEL PULLED PORK","$3.96","LB","CS","10.00"
"PI79","BBQ PULLED PORK","$3.58","LB","CS","10.00"
"PI88","QUIK TO FIX TASTY RIBS","$52.35","CS","LB","10.00"
"PK15","THUMANN 5# YELLOW AMERICAN LOAF","$3.06","LB","CS","30.00"
"PK16","THUMANN 5# NEW YELLOW AMERICAN LOAF","$2.52","LB","CS","30.00"
"PK17","THUMANN 5# NEW WHITE AMERICAN LOAF","$2.52","LB","CS","30.00"
"PK18","THUMANN NEW P/C YEL AMER 120 SL","$2.54","LB","CS","20.00"
"PK19","THUMANN NEW P/C WHT AMER 120 SL","$2.54","LB","CS","20.00"
"PK28","THUMANN NEW P/C YEL AMER 160 SL","$2.54","LB","CS","20.00"
"PK29","THUMANN NEW P/C WHT AMER 160 SL","$2.54","LB","CS","20.00"
"PK30","GRUYERE CHEESE","$12.10","LB","CS","11.25"
"PK31","2/6 COLBY MINI LONGHORNS","$4.70","LB","CS","12.00"
"PK32","2/6 COLBY JACK MINI LONGHORNS","$4.70","LB","CS","12.00"
"PK37","SOMMERMAIDE 120WHITE AMERICAN4/5#","$2.91","LB","CS","20.00"
"PK38","SOMMERMAIDE160 WHITE AMERICAN 4/5#","$2.91","LB","CS","20.00"
"PK40","LAND O` LAKES 5# YELLOW AMER LOAF","$3.80","LB","CS","30.00"
"PK45","LAND O`LAKES 5# WHITE AMERICAN LOAF","$3.80","LB","CS","30.00"
"PK48","BELTON SAGE DERBY","$4.75","LB","CS","8.50"
"PK50","CUT & WRAP GOAT CHEESE","$32.98","CS","LB","3.00"
"PK51","CUT & WRAP MONTEREY JACK CHEESE","$4.04","LB","CS","10.00"
"PK52","CUT & WRAP AGED CHEDDAR CHEESE","$4.50","LB","CS","10.00"
"PK52W","CUT & WRAP WHITE CHEDDAR","$4.85","LB","CS","10.00"
"PK53","CUT & WRAP MUENSTER CHEESE","$4.34","LB","CS","10.00"
"PK54","CUT & WRAP HAVARTI WITH DILL CHEESE","$6.50","LB","CS","10.00"
"PK55","CUT & WRAP JARLSBERG SWISS CHEESE","$8.44","LB","CS","10.00"
"PK56","CUT & WRAP PEPPER JACK CHEESE","$5.10","LB","CS","10.00"
"PK57","CUT & WRAP SMOKED GOUDA CHEESE","$7.67","LB","CS","10.00"
"PK58","CUT & WRAP FONTINA CHEESE","$6.71","LB","CS","10.00"
"PK59","CUT & WRAP COLBY JACK CHEESE","$4.42","LB","CS","10.00"
"PK60","CUT & WRAP DUTCH GOUDA CHEESE","$7.02","LB","CS","10.00"
"PK601","HAVARTI 7OZ CHUNKS 12PER","$39.69","CS","LB","5.00"
"PK602","C/W DUTCH GOUDA 12/8OZ","$51.81","CS","LB","6.00"
"PK603","C/W 12/7OZ YELLOW CHED","$40.17","CS","LB","5.50"
"PK604","C/W 12/7OZ WHITE CHED","$40.17","CS","LB","5.50"
"PK61","CUT & WRAP HAVARTI CHEESE","$6.55","LB","CS","10.00"
"PK62","CUT & WRAP REGGIANO PARMESAN CHEESE","$10.60","LB","CS","10.00"
"PK63","CUT & WRAP AGED PROVOLONE CHEESE","$9.21","LB","CS","10.00"
"PK64","CUT & WRAP PECORINO ROMANO CHEESE","$10.12","LB","CS","10.00"
"PK65","CUT & WRAP DANISH BLUE CHEESE","$8.45","LB","CS","10.00"
"PK66","CUT & WRAP FETA CHEESE","$3.50","LB","CS","10.00"
"PK67","CUT & WRAP BRIE CHEESE","$5.99","LB","CS","6.50"
"PK68","C/W CAMBOZOLA 8/5.3OZ","$38.81","CS","LB","2.65"
"PK69","12/7OZ HAVARTI CHUNKS","$29.15","CS","LB","5.25"
"PK82","R/W CHUNKS HAVARTI 12/7OZ","$29.30","CS","LB","5.25"
"PK83","GREAT LAKES 12/8OZ AMERICAN YELLOW","$25.44","CS","LB","6.00"
"PL09","GREAT LAKES 12/8OZ P/S SWISS","$28.25","CS","LB","6.00"
"PL11","THUMANN HIGH CUT SWISS 1/2`S","$3.48","LB","CS","27.00"
"PL13","THUMANN 2 PACK SANDWICH SWISS","$3.48","LB","CS","16.00"
"PL14","GREAT LAKES BABY SWISS","$5.00","LB","CS","10.00"
"PL16","G.L. PRE SLICED SWISS","$35.15","CS","LB","9.00"
"PL19","SAPUTO BABY SWISS 2/4.5#","$5.14","LB","CS","9.00"
"PL28","FINLANDIA HIGH CUT SWISS","$4.35","LB","CS","28.00"
"PL29","FINLANDIA SANDWICH SWISS","$4.35","LB","CS","28.00"
"PL32","JARLSBERG  SQUARE SWISS","$8.50","LB","CS","23.00"
"PL36","THUMANN SWISS LACE CHEESE","$4.29","LB","CS","13.50"
"PL38","ALPINE LACE SWISS CHEESE","$4.20","LB","CS","14.00"
"PM01","NELLIE`S 6/6# PROVOLONE","$2.30","LB","CS","36.00"
"PM02","VONA PROVOLONE 1/2","$2.77","LB","CS","36.00"
"PM03","VONA AGED SHARP PROVOLNE","$2.50","LB","CS","36.00"
"PM04","G.L 6/24OZ P/S MOZZ","$29.50","CS","LB","9.00"
"PM05","BIAZZO 8OZ FRESH MOZZ BALLS 12/8OZ","$25.38","CS","LB","6.00"
"PM07","BELGIOSIO UNWRAP&ROLL","$16.70","CS","LB","4.00"
"PM08","BELGIOSIO 40Z MOZZ/WATER","$3.74","LB","CS","6.00"
"PM09","BELGIOSIO MASCARPONE 12/1#","$45.84","CS","LB","12.00"
"PM10","THUMANN P/S 8OZ PROVOLONE","$24.36","CS","LB","6.00"
"PM11","THUMANN P/S 8OZ MOZZARELLA","$19.37","CS","LB","6.00"
"PM14","THUMANN WHOLE PROVOLONE","$3.04","LB","CS","25.00"
"PM15","BIAZZO SREDDED W/M MOZZ","$2.86","LB","CS","30.00"
"PM16","THUMANN PROVOLONE 1/2`S","$3.09","LB","CS","25.00"
"PM17","GL P/S PROVOLONE","$29.62","CS","LB","9.00"
"PM18","JERSEY MADE PROVOLONE WHOLE","$2.67","LB","CS","36.00"
"PM19","JERSEY MADE PROVOLONE 1/2`S","$2.45","LB","CS","36.00"
"PM20","BIAZZO 1# FRESH  MOZZARELLA","$3.95","LB","CS","6.00"
"PM25","BIAZZO 15 OZ RICOTTA","$2.85","LB","CS","12.00"
"PM26","BIAZZO 1# HAND WRAP MOZZ","$4.15","LB","CS","12.00"
"PM27","BIAZZO 3# RICOTTA","$4.95","EA","LB","3.00"
"PM28","BELGIOSIO 1# MOZZ LOGS","$4.22","LB","CS","8.00"
"PM31","THUMANN 5# MOZZARELLA LOAF","$2.45","LB","CS","11.00"
"PM32","BIAZZO 1# VAC PAC FRESH MOZZ","$3.85","LB","CS","8.00"
"PM34","BIAZZO BASKET CHEESE","$4.85","LB","CS","17.00"
"PM38","GRATED PARMESAN CHEESE 5# BAG","$4.10","LB","BAG","5.00"
"PM39","GRATED ROMANO CHEESE 5# BAG","$4.10","LB","BAG","5.00"
"PM40","BIAZZO PRIMA SALA","$4.75","LB","CS","17.00"
"PM41","BELGIOIOSIO 2/4# FRESH MOZZ LOGS 1#","$3.37","LB","CS","8.00"
"PM42","BIAZZO 8/1#SLICED MOZZ LOG","$4.10","LB","CS","8.00"
"PM43","BELGIOIOSO IMPASTATA 2/10#","$41.80","CS","LB","20.00"
"PM44","STELLA SHRED MOZZ 6/5#","$2.86","LB","CS","30.00"
"PM45","BELGIOIOSO PROVOLONE WHOLE","$4.14","LB","CS","25.00"
"PM47","BELGIOIOSO PROVOLONE HALVES","$3.90","LB","CS","25.00"
"PM48","SORRENTO CHED/MONT SHRED RG","$3.94","LB","CS","30.00"
"PM49","BELGIOIOSO SLICING ASIAGO","$3.90","LB","CS","12.00"
"PM50","BELGIOSO 20# SHARP PROVOLONE","$4.58","LB","CS","22.00"
"PM51","BELGIOIOSO 15# IMP. PROVOLONE","$9.45","LB","CS","16.00"
"PM52","40# SHARP PROVOLONE","$4.02","LB","CS","46.00"
"PM53","THUMANN`S NEW MOZZARELLA2/5#","$2.45","LB","LB","10.00"
"PM59","ENRICO W/M MOZZARELLA 8/6#","$2.23","LB","CS","48.00"
"PM60","ENRICO PROVOLONE 6/6#","$2.68","LB","CS","36.00"
"PM62","EMMA REGGIANO PARM WHEEL 1/4","$9.40","LB","CS","18.00"
"PM63","ENRICO SHREDDED PARM","$4.98","LB","CS","20.00"
"PM66","BELGIOIOSO WAX/ROPE PROV 6/3#","$4.18","LB","CS","18.00"
"PM68","BELGIOIOSO PARMESAN WEDGE","$57.60","CS","LB","10.00"
"PM69","BELGIOIOSO 8OZ FR MOZZ BALLS","$3.92","LB","CS","6.00"
"PM70","BELGIOIOSO BURRATA 6/8OZ","$6.16","LB","CS","3.00"
"PM71","BELGIOIOSO BURRAT 6/4/2OZ","$6.66","LB","CS","3.00"
"PM72","BELGIOIOSO 12/8OZ MOZZ PEARLS","$23.54","CS","LB","6.00"
"PM73","BELGIOIOSO TRUFFLE BURRATA (2-4oz)","$20.88","CS","lb","6.00"
"PM75","BIAZZO SMOKED MOZZ 9/16OZ","$5.50","LB","CS","9.00"
"PM76","BIAZZO W/M 1# MOZZ 12/16OZ PACKAGE","$4.91","LB","CS","12.00"
"PM77","BELGIOIOSO PARM C/W","$28.76","CS","LB","6.00"
"PM78","BELGIOIOSO C/W PROVOLONE 12/8OZ","$32.96","CS","LB","6.00"
"PM79","BELGIOIOSO 12/8OZ CILIEGINE MOZZ BAL","$23.54","CS","LB","6.00"
"PM81","GREAT LAKES 2/8OZ P/S PROVOLONE","$28.07","CS","LB","6.00"
"PM87","BELGIOIOSO24#WHEEL/PARM30912","$4.31","LB","CS","24.00"
"PM88","BELGIOIOSO 1#WAX/ROPED BALLS","$4.45","LB","CS","13.00"
"PM89","BELGIOIOSO SHAVED SALAD BLEND2/5#","$4.98","LB","CS","10.00"
"PM90","FEATHERED CHED/MONTERY MIX","$2.91","LB","CS","30.00"
"PM91","BELGIOIOSO#11 BALSAMIC CIPOLLINE","$7.38","LB","CS","11.00"
"PM92","BELGIOIOSO 4/3# BALSAMIC LABOTTEGA","$7.63","LB","CS","11.00"
"PM93","BELGIOIOSO 1#THIN SLICE 00547","$36.38","CS","LB","8.00"
"PM94","BELGIOIOSO VINO ROSSO","$7.38","LB","CS","11.00"
"PM95","2/10#WHITE GOLD PARM REGGIANO","$10.55","LB","CS","20.00"
"PM96","BELGIOIOSO VINO ROSSO LABOT1/11#","$7.36","LB","CS","11.00"
"PM97","SORRENTO SHREDDED MOZZ","$3.18","LB","CS","30.00"
"PM98","4/2.5LB SMOKED SCAMORZA","$6.75","LB","CS","10.00"
"PM99","BELGIOIOSO PICCANTE PROVOLONE 4/6#","$4.10","LB","CS","25.00"
"PM991","STELLA WHEEL AGED ASIAGO#11","$5.75","LB","CS","11.00"
"PM992","IBERICO MANCHEGO CHEESE","$7.55","LB","CS","12.00"
"PM993","AURICCHIO 8OZ SCAMORZA","$51.50","CS","LB","6.00"
"PM994","LATTERIA SORESINA PICCANTE PROV 2/13","$6.10","LB","CS","26.00"
"PM995","MARBLE BLUE/MONTERY JACK CHEESE","$5.19","LB","CS","10.00"
"PM996","17INCH WIDE WHOLE WHEEL /PARM80#","$9.50","LB","CS","80.00"
"PM997","20#BLACK WAX ASIAGO WHEEL","$4.95","LB","CS","20.00"
"PM998","LOCATELLI PECORINO 1/4S","$10.50","LB","CS","16.00"
"PN01","CABOT 12/8OZ CHEDDAR POWDER","$37.70","CS","LB","6.00"
"PN02","CABOT 12/8OZ HABANERO CHEDDAR SPREAD","$30.98","CS","LB","6.00"
"PN03","CABOT HORSERADISH 12/8oz SPREAD","$30.98","CS","LB","6.00"
"PN04","CABOT 12/8OZSHARP CHEDDAR SPREAD","$31.58","CS","LB","6.00"
"PN05","THUMANN P/S 8OZ CHEDDAR","$19.99","CS","LB","6.00"
"PN07","SHREDDED CHEDDAR CHEESE","$2.76","LB","CS","20.00"
"PN10","CV COOPER YELLOW 5# LOAF","$3.38","LB","CS","30.00"
"PN10W","CV COOPER WHITE 5# LOAF","$3.38","LB","CS","30.00"
"PN12","THUMANN SHARP CHEDDAR PRINTS","$2.99","LB","CS","22.00"
"PN12W","THUMANNS SHARP CHEDDAR WHITE","$2.99","LB","CS","22.00"
"PN14","HORSERADISH CHEDDAR CHEESE","$5.52","LB","CS","14.00"
"PN15","MILD CHEDDAR","$3.00","LB","CS","10.00"
"PN16","CABOT 8OZ CHIPOTLE CHEDDAR","$30.18","CS","LB","6.00"
"PN17","CABOT R/W  CHIPOTLE CHEDDAR","$50.16","CS","LB","12.00"
"PN19","G.L PRE SLICED MILD CHED","$28.68","CS","LB","9.00"
"PN19W","G.L PRESLICED W CHED6/24OZ","$28.68","CS","LB","9.00"
"PN20","APPLE WOOD SMOKED CHEDDAR","$6.93","LB","CS","13.00"
"PN21","McCADAM HORSERADISH CHED","$5.36","LB","CS","14.00"
"PN22","CABOT X SHARP WHITE CHEDDAR 10#","$5.36","LB","CS","10.50"
"PN23","HABANERO CHEDDAR PRINT","$5.03","LB","CS","10.00"
"PN24","MONTERREY JACK CHEESE","$3.41","LB","CS","10.00"
"PN241","MONTEREY JACK 1/10#","$2.70","LB","CS","10.00"
"PN27","CABOT 12/10OZ SHARP CHEDDAR","$43.40","CS","EA","7.25"
"PN29","HOT MONTERREY JACK CHEESE","$3.10","LB","CS","10.00"
"PN31","SAGA DERBY CHEESE","$7.05","LB","CS","14.00"
"PN32","CABOT 12/10OZ SLICED CHED","$45.62","CS","LB","7.50"
"PN33","CABOT 12/10OZ PEPPER JACK","$45.62","CS","LB","7.50"
"PN34","APPENZELLER WHEEL CHEESE 1/15#","$10.77","LB","CS","15.00"
"PN35","CABOT PRIVATE STOCK AGED CHEDDAR","$5.25","LB","CS","10.00"
"PN36","CABOT SHARP CHED WAXED BAR 12/8OZ","$38.58","CS","LB","6.00"
"PN37","CABOT PRIVATE STOCK 12/8OZ CHEDDAR","$40.98","CS","LB","6.00"
"PN38","CABOT 12/8OZ VINTAGE CHEDDAR","$43.50","CS","LB","6.00"
"PN39","CABOT CLASSIC SHARP CHEDDAR 8/1#","$47.66","CS","LB","8.00"
"PN40","GREAT LAKES 6/24OZ PEPPER JACK","$28.95","CS","LB","9.00"
"PN42","CABOT X SHARP YELLOW CHEDDAR","$5.26","LB",".CS","10.50"
"PN43","CABOT 12/8OZ VINTAGE WAX BAR 286","$45.10","CS","LB","6.00"
"PN44","CABOT 12/8OZ CLASSIC RED WAX292","$39.18","CS","LB","6.00"
"PN45","CABOT PRIVATE STOCK 12/8OZ 293","$44.58","CS","LB","6.00"
"PN46","CABOT HORSERADISH SPREAD 12/8OZ 867","$36.98","CS","LB","6.00"
"PN47","CABOT BUFFALO CHEDDAR BAR 12/8OZ980","$38.78","CS","LB","6.00"
"PN48","CABOT X SHARP CHED SPREAD 12/8 1016","$36.98","CS","LB","6.00"
"PN49","CABOT TUSCAN CHED BAR 12/8OZ1041","$36.98","CS","LB","6.00"
"PN50","CABOT GARLIC HERB 12/8OZ 1051","$36.98","CS","LB","6.00"
"PN51","CABOT EVERYTHING 12/8OZ 1349","$36.98","CS","LB","6.00"
"PN52","CABOT ORNE MEADOW BAR 1505","$36.98","CS","LB","4.50"
"PN53","CABOT 12/60X PRIVATE STOCK1509","$38.78","CS","LB","4.50"
"PN54","CABOT 12/8OZ PORT WINE 1619","$36.98","CS","LB","6.00"
"PN55","CABOT 8OZ TOMATO BASIL BAR1907","$36.98","CS","LB","6.00"
"PN56","CABOT 8OZ HORSERADISH BAR1914","$36.98","CS","LB","6.00"
"PN57","CABOT 8OZ HABERNO BAR 1918","$36.98","CS","LB","6.00"
"PN58","CABOT CLASSIC SHARP BAR 294","$47.46","CS","LB","8.00"
"PN59","CABOT PRIVATE STOCK BARS 295","$49.96","CS","LB","8.00"
"PN60","CABOT VINTAGE CHEDDAR BAR287","$52.44","CS","LB","8.00"
"PN61","CABOT 6/2# VINTAGE CHEDDAR475","$76.46","CS","LB","12.00"
"PN62","CABOT 6/2# SHARP CHEDDAR412","$67.98","CS","LB","12.00"
"PN68","CABOT 8OZ X SHARP WHITE CHEDDAR BAR","$34.68","CS","LB","8.00"
"PN69","CABOT SNACK SIZE WHITE CHEDDAR#1080","$22.32","CS","LB","3.00"
"PN70","CABOT 12/7OZ WHITE CUTS","$32.75","CS","LB","5.25"
"PN71","CABOT 12/7OZ YELLOW CUTS","$32.75","CS","LB","5.25"
"PN72","CABOT 12/7OZ PEPPER JACK CUTS","$32.75","CS","LB","5.25"
"PN73","CABOT 12/7OZ COLBY JACK CUTS","$32.75","CS","LB","5.25"
"PN75","CABOT MILD CHEDDAR 2/5#","$4.69","LB","CS","10.00"
"PN76","CABOT NYX SHARP YELLOW CHED 4X11#","$5.31","LB","CS","44.00"
"PN77","CABOT 10#XSHARP 0055 WHITE","$5.36","LB","CS","10.00"
"PN78","CABOT #0761 PRIVATE STOCK 10# CHED","$5.54","LB","CS","10.00"
"PN79","CABOT 12/10OZ SHRP W CHED CUTS1372","$50.48","CS","LB","7.50"
"PN80","CABOT 50/CT 3/4OZ BAR SHARP CHED","$23.50","CS","LB","12.00"
"PN81","CABOT 12/24CT3/4OZ SHARP CHED","$94.40","CS","LB","20.00"
"PN82","CABOT X SHARP YELLOW CHED10#","$5.10","LB","CS","11.00"
"PN83","CABOT 8OZ LITE WHITE CHED","$31.80","CS","LB","5.00"
"PN84","CABOT SHED SHARP 8OZ CHED","$31.80","CS","LB","5.00"
"PN85","CABOT8OZ FIERY JACK SHRED","$31.80","CS","LB","5.00"
"PN86","CABOT12/7OZ P/S MUENSTER","$33.16","CS","LB","6.00"
"PN87","CABOT12/7OZ X SHARP Y CHED","$33.16","CS","LB","6.00"
"PN89","CABOT12/7OZ WHITE CHED","$33.16","CS","LB","6.00"
"PN90","CABOT12/7OZ PEPPER JACK","$33.16","CS","LB","6.00"
"PN91","COOPER BLK PEPPER AMER2/5#","$4.00","LB","CS","10.00"
"PO03","THUMANN P/S 8OZ MUENSTER","$21.55","CS","LB","6.00"
"PO06","SMOKED GOUDA CHEESE","$3.80","LB","CS","12.00"
"PO07","GORGONZOLA CHEESE","$4.80","LB","CS","9.00"
"PO08","DANISH FONTINA CHEESE","$7.32","LB","CS","14.00"
"PO09","HAVARTI WITH DILL CHEESE","$5.15","LB","CS","9.00"
"PO10","GOUDA CHEESE","$6.60","LB","CS","10.00"
"PO12","BLUE CHEESE","$5.25","LB","CS","6.00"
"PO14","THUMANN`S MUENSTER 1/2","$3.36","LB","CS","18.00"
"PO15","THUMANN MUENSTER CHEESE","$3.11","LB","CS","9.00"
"PO151","6/5# MUENSTER CHEESE","$3.13","LB","CS","30.00"
"PO152","MUENSTER CHEESE 6/5#","$3.13","LB","CS","30.00"
"PO153","CABOT 6/5.5# MUENSTER","$3.13","LB","CS","33.00"
"PO16","HAVARTI CHEESE","$5.15","LB","CS","9.50"
"PO18","THUMANN 5# HOT PEPPER CHEESE","$3.05","LB","CS","30.00"
"PO19","FETA CHEESE","$3.80","LB","CS","18.00"
"PO21","GREAT LAKES P/S MUENSTER 12/8OZ","$23.98","CS","EA","6.00"
"PO25","THUMANN 5# SOFT CREAM CHEESE","$2.57","LB","CS","20.00"
"PO26","THUMANN 30# BULK CREAM CHEESE","$2.32","LB","CS","30.00"
"PO27","MCCADAM HORSERADISH CHED","$5.36","LB","CS","10.00"
"PO28","THUMANN 3# LOAF CREAM CHEESE","$2.49","LB","CS","30.00"
"PO40","THUMANN ASIAGO CHEESE","$5.24","LB","CS","12.00"
"PO41","THUMANN FONTINA CHEESE","$3.76","LB","CS","12.00"
"PO43","ADVANTAGE SMOKED GOUDA 4/6#","$4.77","LB","CS","25.00"
"PO44","GREAT LAKES PRE SLICED PJ 6/24OZ","$28.95","CS","LB","9.00"
"PO45","GREAT LAKES PRESLICED HAVARTI 6/1.5#","$3.84","LB","CS","9.00"
"PO49","GREAT LAKES 12/8OZ PEPPER JACK","$22.67","CS","LB","6.00"
"PO51","NEW THUMANN`S MUENSTER 2/5#","$2.72","LB","CS","13.00"
"PP12","BAUER BUTTER CHEESE 3/6#","$5.25","LB","CS","18.00"
"PP121","SAPUTO BUTTER CHEESE LOAF 3/6#","$4.17","LB","CS","18.00"
"PP45","HOTEL BAR BUTTER 1/4`S","$4.69","LB","CS","36.00"
"PP51","BREAKSTONE 8OZ SALT CUP BUTTER","$5.09","LB","CS","6.00"
"PP55","SOMMER MAID TUB BUTTER 2/7#","$2.10","LB","CS","14.00"
"PP56","SOMMER MAID BUTTER 1/4S","$3.08","LB","CS","36.00"
"PP62","HOTEL BAR CHEFS SOLID BUTTER","$2.85","LB","CS","36.00"
"PP63","HOTEL BAR 60/40 TUB BUTTER BLEND","$2.29","LB","CS","10.00"
"PP64","HB 60/40 SOLIDS","$1.45","LB","CS","36.00"
"PP65","HOTEL BAR BUTTER LAMBS","$27.60","CS","LB","3.00"
"PP69","SOMMER MAID EURO BUTTER","$2.84","LB","CS","36.00"
"PP80","HOTEL BAR 5# TUB BUTTER","$3.14","LB","CS","10.00"
"PP85","CONTINENTAL 17# BUTTER CHIPS","$4.02","LB","CS","17.00"
"PP90","8# BUTTER CUPS","$4.36","LB","CS","8.00"
"PQ001","ACME GEFILTE FISH #10 CANS","$162.00","CS","LB","38.00"
"PQ002","ACME WHOLE SIDE PASTRAMI NOVA","$18.22","LB","CS","14.00"
"PQ003","3OZ WILD KING","$84.50","CS","LB","2.25"
"PQ004","ACME SMOKED TROUT","$12.30","LB","CS","1.00"
"PQ005","ACME WHOLE WHITEFISH VAC PACK","$11.30","LB","CS","18.00"
"PQ006","ACME SMOKED PORTION WHITEFISH VAC PA","$11.65","LB","CS","4.50"
"PQ007","ACME 12/7OZ BAKED SALMON SALAD","$54.30","CS","EA","5.25"
"PQ008","ACME 12/7OZ CHOPPED HERRING SALAD","$35.10","CS","EA","5.25"
"PQ009","ACME 12/3OZ LOX #0102V","$54.20","CS","EA","2.25"
"PQ01","ACME 4OZ NOVA","$66.47","EA","LB","3.00"
"PQ010","ACME 3OZ LEMON PEPPER LOX","$48.15","CS","EA","2.25"
"PQ013","ACME MATJES 12/12OZ","$46.70","CS","EA","9.00"
"PQ014","ACME RUBY BAY 3OZ SOCKEYE","$66.00","CS","EA","2.25"
"PQ015","ACME RUBY BAY SMOKED COHO SALMON","$51.20","CS","EA","2.25"
"PQ016","BLUE HILL BAY 12OZ ROLL MOP/PICKLE","$47.20","CS","EA","9.00"
"PQ017","ACME JUMBO WHITEFISH","$11.76","LB","EA","2.50"
"PQ018","ACME MEDIUM WHITEFISH","$8.60","LB","EA","2.50"
"PQ019","ACME PRE SLICED GRAV LOX","$16.85","LB","EA","3.00"
"PQ02","ACME 8OZ NOVA","$113.10","EA","LB","6.00"
"PQ020","BHB GINGER INFUSED HERRING 12OZ","$41.05","CS","LB","9.00"
"PQ021","ACME 12OZ SOCKEYE 12/12OZ","$147.50","CS","LB","9.00"
"PQ022","ACME ROLLMOP #10 CANS","$42.85","CS","LB","7.00"
"PQ023","ACME 12OZ HERRING IN DILL 12/12OZ","$39.00","CS","EA","9.00"
"PQ024","ACME 12OZ ROLL MOP HERRING 12/12","$42.75","CS","EA","9.00"
"PQ025","ACME 12OZ HERRING AND MUSTARD","$38.75","CS","EA","9.00"
"PQ026","ACME 3OZ BHB SALMON","$54.20","CS","EA","2.25"
"PQ027","ACME BHB 30Z LOX","$48.80","CS","EA","2.25"
"PQ028","BHB 12/12OZ HERRING AND WINE","$46.70","CS","EA","9.00"
"PQ029","BHB 12/12OZ HERRING AND DILL","$46.70","CS","EA","9.00"
"PQ03","ACME 16OZ NOVA","$180.35","EA","LB","12.00"
"PQ031","ACME BHB SALMON POKE BOWL 8.8X6","$37.70","CS","EA","3.30"
"PQ04","ACME KIPPERED SALMON","$17.10","LB","EA","3.00"
"PQ041","ACME SMOKED KIPPERS/HERRING","$4.55","LB","CS","10.00"
"PQ05","ACME CHOPPED HERRING SALAD","$5.30","LB","TUB","5.00"
"PQ051","GALLON TIDBITS IN WINE","$26.90","CS","LB","8.00"
"PQ06","ACME BAKED SALMON SALAD","$8.25","LB","TUB","5.00"
"PQ061","GALLON TIDBITS IN CREAM","$27.00","CS","LB","8.00"
"PQ07","ACME HERRING IN CREAM SAUCE","$38.25","GAL","LB","8.00"
"PQ071","12OZ HERRING IN CREAM","$46.70","CS","LB","9.00"
"PQ08","ACME HERRING IN WINE SAUCE","$38.25","GAL","LB","8.00"
"PQ081","12 OZ HERRING IN WINE","$43.05","CS","LB","9.00"
"PQ082","5 GALLON WINE FILLET 100 C/T","$101.00","TUB","LB","40.00"
"PQ083","32 OZ HERRING IN WINE","$73.65","CS","LB","24.00"
"PQ09","ACME BELLY LOX #113","$16.85","LB","CS","5.50"
"PQ091","ACME CREAM SAUCE","$20.75","EA","LB","8.00"
"PQ092","ACME WHOLE SIDE LOX","$17.45","LB","EA","6.00"
"PQ100","THUMANN NEW 1/2 SOUR PICKLES","$29.45","TUB","LB","40.00"
"PQ101","THUMANN NEW DILL PICKLES","$29.45","TUB","LB","40.00"
"PQ102","THUMANN NEW PICKLE SPEARS","$29.45","TUB","LB","40.00"
"PQ103","B&G 1 GALLON GLASS KRAUT","$33.38","CS","LB","32.00"
"PQ105","YELLOW FIN TUNA","$61.45","CS","LB","25.00"
"PQ106","OLIVE SHOOTERS WITH BLUE CHEESE","$38.80","CS","LB","7.80"
"PQ107","OLIVE SHOOTERS WITH PROVOLONE","$41.20","CS","LB","7.80"
"PQ108","OLIVE SHOOTERS WITH GORGONZOLA","$37.80","CS","LB","7.80"
"PQ109","PATRIOT 1/4 CHIPS","$29.55","TUB","EA","46.00"
"PQ11","THUMANN STUFFED PEPPERS","$38.90","TUB","LB","8.00"
"PQ110","ALLEN PICKLE SPEARS","$22.25","TUB","LB","40.00"
"PQ112","1/8in PICKLE CHIPS","$31.55","TUB","LB","40.00"
"PQ113","HORSERADISH SAUCE GALLONS","$49.84","CS","LB","32.00"
"PQ114","OLIVE SHOOTERS WITH FETA","$38.80","CS","LB","7.80"
"PQ116","THUMANN`S FULL SOUR 5GAL PICKLE","$30.05","TUB","EA","42.00"
"PQ117","PATRIOT 1.5GALLON DILL PICKLES","$12.50","TUB","EA","10.00"
"PQ118","PATRIOT PICKLE #1 HALF SOUR","$28.78","TUB","EA","47.00"
"PQ12","THUMANN ROASTED PEPPERS","$24.65","CS","LB","9.00"
"PQ120","NORPACO PROSCIUTTO STF OLIVES","$39.30","CS","LB","7.50"
"PQ121","NORPACO RST GARLIC OLIVES","$40.25","CS","LB","7.50"
"PQ122","NORPACO SWT STF FINGER PEPPERS","$85.05","CS","LB","15.00"
"PQ123","NORPACO RED PEPPERS SAL PROV","$74.15","CS","LB","15.00"
"PQ124","NORPACO SWT STF BRD PEPPERS","$67.03","CS","LB","15.00"
"PQ128","LIPARI PORKCETTA","$4.50","LB","CS","20.00"
"PQ129","PICKLED LOX IN WINE","$67.50","CS","LB","8.00"
"PQ13","ACME 3# NOVA # 107","$17.10","LB","CS","18.00"
"PQ131","4OZ SCOTTISH SALMON","$39.20","CS","EA","3.00"
"PQ132","P/S SCOTTISH SALMON","$13.05","LB","CS","3.00"
"PQ133","ACME SMOKED WHITING","$5.55","LB","EA","1.00"
"PQ134","ALLEN 1/2 PICKLE CHIP","$20.50","TUB","EA","40.00"
"PQ135","BHB 3OZ LOX #5857","$47.65","CS","EA","2.25"
"PQ136","2 GALLON HORSERADISH PICKLE CHIPS","$19.75","TUB","EA","16.00"
"PQ137","UNITED 4GALLON TOMATO PICKLE","$32.40","TUB","EA","36.00"
"PQ138","PATRIOT FULL GARLIC PICKLE","$30.55","TUB","LB","47.00"
"PQ139","NORPACO 12/12OZ JAR PEPPER SHOOTERS","$69.18","CS","LB","9.00"
"PQ14","BREADED EGGPLANT 92100","$2.75","LB","CS","10.00"
"PQ141","NORPACO RED DELIGHTS PROSC/PROV HOT","$73.95","CS","EA","15.00"
"PQ142","NORPACO RED DELIGHTS PROSC/PROV SWT","$73.95","CS","EA","15.00"
"PQ143","PATRIOT 30 CT 4GAL H/S","$19.50","TUB","EA","32.00"
"PQ144","PATRIOT 30CT 4GAL DILL","$19.50","TUB","EA","32.00"
"PQ145","NORPACO SW RED DELIGHTS S/P","$73.12","CS","LB","15.00"
"PQ146","NORPACO HT RED DELIGHTS S/P","$73.12","CS","LB","15.00"
"PQ147","PATRIOT5GALLON TOMATO PICKLES","$32.40","TUB","EA","47.00"
"PQ148","PATRIOT1/4 KK CHIPS 2GAL","$15.00","TUB","EA","16.00"
"PQ15","ACME LARGE CHUBS","$8.00","LB","CS","1.00"
"PQ151","NAPLES S/O EGGPLANT 62105","$2.85","LB","CS","10.00"
"PQ152","NAPLES PEELED EGGPLANT 62100","$2.85","LB","CS","10.00"
"PQ153","DOMINIX NAPLES BATTERED EGGPLANT","$34.50","CS","LB","10.00"
"PQ154","NELLIE`S NAPLES PEELED EGGPLANT","$27.82","CS","LB","10.00"
"PQ16","ACME LARGE WHITEFISH","$10.90","LB","CS","2.50"
"PQ161","BHB LARGE WHITEFISH VAC PACK","$8.80","LB","EA","3.00"
"PQ189","ACME CREPES","$49.20","CS","LB","10.00"
"PQ19","GALLON BANANA PEPPERS 4/CASE","$22.60","CS","LB","32.00"
"PQ20","THUMANN 1# SAUERKRAUT","$33.27","CS","LB","24.00"
"PQ22","B&G SWEET PEPPER STRIPS R&G # 2983","$37.08","CS","LB","32.00"
"PQ23","B&G HOT SLICED CHERRY PEPPERS #2984","$35.82","CS","LB","32.00"
"PQ231","B&G HOT CHOPPED RED PEPPERS 2885","$37.65","CS","LB","32.00"
"PQ233","VANTIA ROASTED RED PEPPERS6/10#","$43.49","CS","EA","60.00"
"PQ234","LOCATELLI 1/4 PEC/ROMANO WEDGES","$8.67","LB","CS","15.00"
"PQ24","HELLMANNS MAYONAISSE","$87.77","CS","LB","32.00"
"PQ241","B&G SWEET CHERRY PEPPERS R&G 2981","$28.42","CS","LB","32.00"
"PQ242","AMAZING MIKE`S 4/1GALL MAYO","$39.80","CS","LB","32.00"
"PQ244","UNITED 4GALLON SPICEY WHOLE PICKLE","$23.62","TUB","EA","32.00"
"PQ25","THUMANN UNITED 1/2 SOUR PICKLES","$27.00","TUB","LB","40.00"
"PQ251","GREEN NEW PICKLES 5 GALLON","$26.11","TUB","LB","40.00"
"PQ252","THUMANN SPEARS 300 COUNT","$30.55","TUB","LB","40.00"
"PQ253","GREEN#6 PICKLE 4GALLON","$22.37","TUB","EA","32.00"
"PQ254","PATRIOT PICKLE FULL SOUR","$30.55","TUB","EAC","40.00"
"PQ26","B&G SWEET RED PEPPER STRPS/VIN #2989","$39.22","CS","LB","32.00"
"PQ261","B&G BREAD&BUTTER CHIPS 2940","$36.22","CS","LB","32.00"
"PQ27","THUMANN TUB PICKLES DILL","$29.25","TUB","LB","40.00"
"PQ271","TOMATO PICKLE 5 GALLON","$27.20","TUB","EA","40.00"
"PQ28","NORPACO ROASTED PEPPERS IN JARS","$45.14","CS","LB","9.00"
"PQ29","THUMANN TUB PICKLES 1/2 SOUR","$29.25","TUB","LB","40.00"
"PQ30","UNITED SMALL H/S PICKLES","$31.50","TUB","LB","32.00"
"PQ301","UNITED SMALL DILL PICKLES","$31.50","TUB","LB","32.00"
"PQ302","THUMANN`S SM 5GALL H/S PICKLE","$31.50","TUB","EA","47.00"
"PQ303","THUMANN`S SMALL 5GALL DILL PICKLE","$31.50","TUB","EA","47.00"
"PQ31","B&G PACKAGED PICKLES","$20.30","CS","LB","4.50"
"PQ33","LIGHT CHUNK TUNA","$54.45","CS","LB","28.00"
"PQ35","B&G WHL HOT CHER PEPPERS R&G#2977","$31.30","CS","LB","32.00"
"PQ37","B&G RELISH","$23.58","CS","LB","32.00"
"PQ38","PICKLE CHIPS GALLONS","$30.84","CS","LB","32.00"
"PQ382","B&G 4983 CUT SWEET PEPPERS","$35.86","CS","LB","32.00"
"PQ39","PICKLE SPEARS 5 GALLON","$27.25","TUB","LB","40.00"
"PQ391","5GALLON SWEET BREAD&BUTTER KOSHER CH","$39.10","EA","LB","40.00"
"PQ392","SWEET HORSERADISH PICKLE CHIPS","$22.50","TUB","LB","15.00"
"PQ40","TUB SAUERKRAUT 5 GALLON","$38.35","TUB","LB","40.00"
"PQ400","ACME SPINACH KNISH","$35.86","CS","LB","5.00"
"PQ401","ACME KASHA KNISH","$34.36","CS","LB","5.00"
"PQ402","BHB P/S SALMON # 4405B","$15.70","LB","CS","4.00"
"PQ403","BHB 4OZ SALMON # 4406B","$68.25","CS","LB","3.00"
"PQ405","ACME MUSHROOM KNISH","$34.36","CS","LB","8.00"
"PQ406","ACME BROCCOLI KNISH","$34.36","CS","LB","8.00"
"PQ407","ACME POTATO KNISH ROUND","$34.36","CS","LB","8.00"
"PQ408","ACME 3OZ P/S NOVA","$52.20","CS","EA","2.25"
"PQ42","ACME SABLE PLATE #604","$28.95","LB","CS","2.50"
"PQ421","ACME SABLE VAC PAC #602","$33.40","LB","EA","1.00"
"PQ422","ACME BERING CISCO","$11.25","LB","CS","1.00"
"PQ451","TYSON 16268 CHICKEN TENDERLOINS","$44.10","CS","LB","10.00"
"PQ452","TRAY PACK KNISH 12/3","$26.71","CS","LB","14.00"
"PQ453","TRAY PACK KNISH 8/6 PACK","$30.85","CS","LB","15.00"
"PQ454","GABILA G/F 12PACK KNISH","$51.52","CS","EA","15.00"
"PQ459","ACME BLACK COD FISH","$62.75","CS","EA","5.00"
"PQ46","ACME ATLANTIC SALMON","$16.15","LB","CS","6.00"
"PQ461","ACME ALASKAN COD 12/3OZ","$68.93","CS","EA","2.25"
"PQ462","ACME PRE SLICED NOVA 2PC/BOX","$16.15","LB","CS","6.50"
"PQ463","ACME NOREIGN SAMON# 0405W","$14.10","LB","CS","2.50"
"PQ46C","ATLANTIC CENTER CUT SALMON","$18.50","LB","CS","4.00"
"PQ47","ACME KNISH","$41.55","CS","LB","12.00"
"PQ471","GABILA POTATO PANCAKE","$92.56","CS","LB","10.00"
"PQ472","BLUEBERRY CHEESE BLINTZES","$47.50","CS","LB","6.00"
"PQ473","2OZ MINI POT PANCAKE100CT","$92.00","CS","LB","12.50"
"PQ474","2OZ ZUCHINI PANCAKE","$100.10","CS","LB","10.00"
"PQ475","ACME CHERRY BLINTES 4OZ /30PC","$85.07","CS","LB","7.50"
"PQ476","BLUEBERRY BLINTES 4OZ/30PC","$85.07","CS","LB","7.50"
"PQ477","ACME SMOKED CANDY SALMON4X5","$11.25","LB","CS","20.00"
"PQ48","ACME NOVA SIDE #304","$15.94","LB","CS","7.00"
"PQ481","ACME SALTY LOX","$13.80","LB","CS","3.00"
"PQ49","ACME NOVA TRIMMINGS #201","$10.85","LB","CS","5.00"
"PQ53","SOLID WHITE TUNA","$99.50","CS","LB","28.00"
"PQ54","CHUNK WHITE TUNA","$94.45","CS","LB","28.00"
"PQ55","TONGOL TUNA FISH","$68.45","CS","LB","28.00"
"PQ57","THUMANN HAM GLAZE","$25.34","CS","LB","6.75"
"PQ59","THUMANN  HORSERADISH MUSTARD GALLONS","$17.28","CS","LB","32.00"
"PQ591","NEW THUMANN`S HORSERADISH MUSTARD GA","$45.00","CS","LB","16.00"
"PQ592","NEW DUSSELDORF MUSTARD GALLONS","$29.50","CS","LB","16.00"
"PQ60","THUMANN DUSSELDORF MUSTARD GALLONS","$13.30","CS","LB","32.00"
"PQ602","THUMANN DELI DRESSING","$28.70","CS","LB","6.75"
"PQ603","THUMANNS BBQ SAUCE 9 OZ.","$25.34","CS","LB","6.75"
"PQ607","NEW THUMANN`S CREAMY HORSERADISH SAU","$59.00","CS","LB","16.00"
"PQ62","THUMANN 9OZ SQ HORSERADISH MUSTARD","$30.50","CS","LB","6.75"
"PQ63","THUMANN 9OZ SQ DUSSELDORF MUSTARD","$21.50","CS","LB","6.75"
"PQ64","THUMANN 9OZ HONEY MUSTARD","$29.34","CS","LB","6.75"
"PQ65","THUMANN HONEY MUSTARD GALLONS","$38.45","CS","LB","16.00"
"PQ66","THUMANN DIJON WASABI MUSTARD","$24.14","CS","LB","6.75"
"PQ68","THUMANN PUSHCART ONIONS","$39.50","CS","LB","12.00"
"PQ68C","6/#10 CANS PUSHCART ONIONS","$66.25","CS","EA","40.00"
"PQ68G","1/2 GALLON PUSHCART ONIONS","$38.50","CS","LB","24.00"
"PQ69","THUMANN 9OZ HORSERADISH SAUCE","$30.50","CS","LB","6.75"
"PQ70","PLAIN CRUMB CAKE","$23.50","EA","LB","9.50"
"PQ71","RASPBERRY CRUMB CAKE","$23.50","EA","LB","9.50"
"PQ72","BLUEBERRY CRUMB CAKES","$23.50","EA","LB","9.50"
"PQ73","CHOCOLATE CRUMB CAKE","$23.50","EA","LB","9.50"
"PQ74","APPLE CRUMB CAKE","$23.50","EA","LB","9.50"
"PQ75","BLONDIES","$23.50","EA","LB","6.50"
"PQ76","BROWNIES","$23.50","EA","LB","6.50"
"PQ77","ACME GROUND NOVA","$11.00","LB","TUB","5.00"
"PQ78","ACME WHITEFISH MEAT #504","$12.95","LB","TUB","5.00"
"PQ79","ACME HERRING #2604-5GALLON","$91.50","GAL","LB","40.00"
"PQ791","ACME ROLLMAP 25/COUNT","$39.00","CS","LB","5.00"
"PQ792","ACME 12OZ HOMESTYLE HERRING","$47.05","CS","LB","8.00"
"PQ793","ACME 12OZ ROLL MAP","$41.30","CS","LB","8.00"
"PQ794","ACME 6OZ ORANGE GINGER JERKY #5854","$37.70","CS","EA","3.00"
"PQ80","ACME STURGEON #1301","$27.60","LB","EA","3.00"
"PQ821","ACME WHITE SABLE","$27.95","LB","EA","2.00"
"PQ822","ACME FULLY TRIMMED NOVA 0307V","$15.30","LB","EA","6.00"
"PQ823","BLUE HILL BAY PRE SLICED SIDES","$16.03","LB","EA","3.00"
"PQ824","ACME BLUE HILL BAY 8OZ WF SALAD","$51.50","CS","EA","3.00"
"PQ825","ACME BLUE HILL BAY 8OZ SALMON","$49.75","CS","EA","6.00"
"PQ829","ACME SMK SALMON BLINIS","$56.50","CS","LB","10.00"
"PQ833","B&G RELISH 12/10OZ #2911","$18.10","CS","EA","7.50"
"PQ834","ACME KETA CANDY SMOKED SALMON","$49.75","CS","EA","2.50"
"PQ836","ACME FISH BOWLS SALMON 12/12OZ","$64.40","CS","LB","9.00"
"PQ838","ACME POKE BOWL LEMON/DILL","$69.40","CS","EA","9.00"
"PQ839","ACME PINWHEEL","$33.15","CS","LB","4.00"
"PQ85","DIJON MUSTARD GALLONS","$17.42","CS","EA","16.00"
"PQ86","CHOCOLATE CHUNK MUFFIN","$26.00","TUB","LB","10.00"
"PQ88","COFFEE CAKE MUFFINS","$26.00","TUB","LB","10.00"
"PQ89","CORN MUFFIN","$26.00","TUB","LB","10.00"
"PQ90","BLUEBERRY MUFFIN","$26.00","TUB","LB","10.00"
"PQ901","ACME SPICED MATJES 12/12OZ","$39.40","CS","EA","9.00"
"PQ902","ACME LOX IN A BOX","$31.00","CS","EA","8.00"
"PQ91","MORNING GLORY MUFFIN","$26.00","TUB","LB","10.00"
"PQ92","RAISIN MUFFIN","$26.00","TUB","LB","10.00"
"PQ93","CHOCOLATE CHIP MUFFIN","$26.00","TUB","LB","10.00"
"PQ94","PUMPKIN PECAN MUFFIN","$26.00","TUB","LB","10.00"
"PQ95","LEMON MUFFIN","$26.00","TUB","LB","10.00"
"PQ96","BANANA NUT MUFFIN","$26.00","TUB","LB","10.00"
"PQ98","APPLE OATMEAL MUFFIN","$26.00","TUB","LB","10.00"
"PQ983","GABILA CHERRY CHEESE BLINTZES","$66.71","CS","LB","8.00"
"PQ99","CRANBERRY MUFFIN","$26.00","TUB","LB","10.00"
"PQ991","ACME 4OZ HONEY BAKED SALMON","$88.25","CS","LB","5.00"
"PQ992","ACME KIPPERED BACKS","$18.56","LB","EA","2.50"
"PQ994","ACME MATZO BALLS 60PC","$65.85","CS","LB","15.00"
"PQ995","BHB 4OZ HONEY MAPLE SALMON","$64.80","CS","EA","3.00"
"PQ996","BHB 5OZ TROUT PACKAGES","$54.30","CS","EA","3.00"
"PQ997","BHB 4OZ PEPPERED SALMON","$57.30","CS","EA","3.00"
"PQ998","BHB VAC PACK WHITEFISH #0522B","$10.40","LB","LB","5.00"
"PQ999","ACME 1# PRE SLICED TROUT","$13.90","LB","CS","1.00"
"PR02","THUMANN BATTER DIPPED MOZZARELLA","$37.76","CS","LB","10.00"
"PR021","SPECIAL MOZZ STICKS BATTERED","$21.00","CS","LB","12.00"
"PR67","HOME FRIES","$55.75","CS","LB","30.00"
"PR72","HOME STYLE ONION RINGS","$56.90","CS","LB","30.00"
"PR73","ENDICO HASH BROWNS","$36.60","CS","LB","16.00"
"PR77","BEER BATTERED ONION RINGS","$53.25","CS","LB","15.00"
"PT01","THUMANN 1# POTATO","$2.40","LB","CS","8.00"
"PT02","THUMANN 1# MACARONI SALAD","$2.40","LB","CS","8.00"
"PT03","THUMANN 1#COLE SLAW","$2.40","LB","CS","8.00"
"PT04","THUMANN 1# RED SKIN POTATO","$3.32","LB","CS","8.00"
"PT05","THUMANN 1# TUNA SALAD","$6.04","LB","CS","8.00"
"PT06","THUMANN 1# EGG SALAD","$4.85","LB","CS","8.00"
"PT09","THUMANN`S 1#POT&EGG","$1.70","LB","CS","8.00"
"PT10","THUMANN 10# POTATO SALAD","$1.55","LB","TUB","10.00"
"PT11","THUMANN 10# MACARONI SALAD","$1.55","LB","TUB","10.00"
"PT12","THUMANN 10# COLE SLAW","$1.55","LB","TUB","10.00"
"PT13","THUMANN 5# TUNA SALAD","$4.65","LB","TUB","5.00"
"PT14","THUMANN 5# SHRIMP SALAD","$5.65","LB","TUB","5.00"
"PT15","THUMANN 5# EGG SALAD","$3.95","LB","TUB","5.00"
"PT16","THUMANN 5# NEPTUNE SALAD","$4.75","LB","TUB","5.00"
"PT17","THUMANN 10# RED SKIN POTATO SALAD","$2.40","LB","TUB","10.00"
"PT171","10# DICED RED POTATO SALAD","$2.40","LB","EA","10.00"
"PT18","30# DICED RED POT SALAD","$2.40","LB","TUB","30.00"
"PT19","THUMANN 10# GERMAN POTATO SALAD","$1.60","LB","TUB","10.00"
"PT191","THUM30#GERMAN POTATO SALAD","$1.40","LB","CS","30.00"
"PT20","THUMANN 30# POTATO SALAD","$1.55","LB","TUB","30.00"
"PT21","THUMANN 30# MACARONI SALAD","$1.55","LB","TUB","30.00"
"PT22","THUMANN 30# COLE SLAW","$1.55","LB","TUB","30.00"
"PT23","THUMANN 5# CHICKEN SALAD","$5.05","LB","TUB","5.00"
"PT24","THUMANN  5# SEAFOOD SALAD","$5.50","LB","TUB","5.00"
"PT25","THUMANN 5# BOW TIE PASTA","$1.10","LB","TUB","5.00"
"PT26","THUMANN 5# TORTELLINI SALAD","$3.50","LB","TUB","5.00"
"PT27","THUMANN RICE PUDDING","$15.90","BOX","LB","8.00"
"PT28","THUMANN 5# PASTA SALAD","$2.85","LB","TUB","5.00"
"PT29","THUMANN  10# DICED POTATO SALAD","$1.55","LB","TUB","10.00"
"PT31","JERSEY MADE 10# POTATO SALAD","$1.55","LB","TUB","10.00"
"PT32","JERSEY MADE 10# MACARONI SALAD","$1.55","LB","TUB","10.00"
"PT33","JERSEY MADE 10# COLE SLAW","$1.55","LB","TUB","10.00"
"PT34","JERSEY MADE 5# POTATO SALAD","$1.56","LB","TUB","5.00"
"PT35","JERSEY MADE 5# MACARONI SALAD","$1.56","LB","TUB","5.00"
"PT36","JERSEY MADE 5# COLE SLAW","$1.56","LB","TUB","5.00"
"PT38","THUMANN 30# DICED POTATO","$1.55","LB","TUB","30.00"
"PT40","THUMANN STRAWBERRY CREAM CHEESE","$2.75","LB","TUB","5.00"
"PT41","THUMANN 5# SCALLION CREAM CHEESE","$4.30","LB","TUB","5.00"
"PT42","THUMANN 5# CREAM CHEESE LOX","$4.35","LB","TUB","5.00"
"PT43","THUMANN 5# VEGETABLE CREAM CHEESE","$4.35","LB","TUB","5.00"
"PT44","THUMANN 5# CRM CHEESE/WALNUT RAISIN","$4.35","LB","TUB","5.00"
"PT46","THUMANN 5# CARROT/RAISIN","$2.85","LB","TUB","5.00"
"PT47","THUMANN 5# TRI-COLORED POTATO","$2.75","LB","TUB","5.00"
"PT48","THUMANN OLIVE CREAM CHEESE","$4.50","LB","TUB","5.00"
"PT50","THUMANN 10# POTATO & EGG SALAD","$1.90","LB","TUB","10.00"
"PT50A","THUMANN 5# POTATO & EGG SALAD","$1.90","LB","TUB","5.00"
"PT50B","30# POT & EGG SALAD","$1.90","LB","TUB","30.00"
"PT51","POT&EGG WITH GREEN ONION","$2.50","LB","TUB","10.00"
"PT53","THUMANN 5# BEET SALAD","$2.85","LB","TUB","5.00"
"PT54","THUMANN 5# WHITE MEAT CHICKEN SALAD","$4.92","LB","TUB","5.00"
"PT541","DAVE`S CHICKEN SALAD","$4.80","LB","EA","5.00"
"PT542","NEW 5# THUMANN`S WHITE CHICKEN","$5.22","LB","EA","5.00"
"PT55","THUMANN FOUR BEAN SALAD","$2.85","LB","TUB","5.00"
"PT56","THUMANN CUCUMBER SALAD","$2.90","LB","TUB","5.00"
"PT57","ENDICO CHOPPED CHICKEN LIVER","$8.46","LB","CS","5.00"
"PT58","THUMANN 10# CLAREMONT SALAD","$1.75","LB","TUB","10.00"
"PT59","WHITEFISH SALAD","$8.90","LB","TUB","5.00"
"PT591","7OZ WHITEFISH","$47.10","CS","LB","5.25"
"PT592","ACME  VAC PAC WHITEFISH","$11.16","LB","CS","5.00"
"PT593","ACME 7 OZ BAKED SALMON SALAD","$50.25","CS","LB","6.00"
"PT594","ACME 4OZ PASTRAMI SALMON","$76.31","CS","EA","3.00"
"PT595","V/P KIPPERED SALMON","$17.30","LB","EA","2.00"
"PT596","ACME 10#  KIPPERS","$36.00","CS","LB","10.00"
"PT597","ACME FISH DIP","$6.45","LB","TUB","5.00"
"PT60","THUMANN 5# POTATO","$1.55","LB","TUB","5.00"
"PT61","THUMANN 5# MACARONI","$1.55","LB","TUB","5.00"
"PT62","THUMANN 5# COLE SLAW","$1.55","LB","TUB","5.00"
"PT63","THUMANN 5# RED POTATO","$2.40","LB","TUB","5.00"
"PT64","THUMANN 5# GERMAN POTATO","$1.60","LB","TUB","5.00"
"PT65","THUMANN 5# CLAREMONT SALAD","$1.75","LB","TUB","5.00"
"PT66","THUMANN 10# POTATO & MUSTARD","$1.60","LB","TUB","10.00"
"PT67","THUMANN 5# DICED POTATO","$1.60","LB","TUB","5.00"
"PT68","THUMANN PLAIN CREAM CHEESE","$3.50","LB","TUB","5.00"
"PT69","THUMANN 10# TRI COLOR POTATO","$2.75","LB","TUB","10.00"
"PT691","THUM30#TRI COLOR POTATO","$2.75","LB","CS","30.00"
"PT73","THUMANN 3# POTATO SALAD","$1.96","LB","CS","18.00"
"PT74","THUMANN 3# MACARONI SALAD","$1.96","LB","CS","18.00"
"PT75","THUMANN 3# COLE SLAW","$1.96","LB","CS","18.00"
"PT76","THUMANN 3# RED SKIN POTATO","$2.91","LB","CS","18.00"
"PT79","THUMANN 5# MUSHROOM SALAD","$2.85","LB","TUB","5.00"
"PU20","THUMANN CHICKEN NOODLE SOUP","$29.60","CS","LB","16.00"
"PU21","THUMANN CHEDDAR POTATO SOUP","$32.24","CS","LB","16.00"
"PU22","THUMANN ITALIAN WEDDING SOUP","$28.41","CS","LB","16.00"
"PU23","THUMANN CALIFORNIA MEDLEY SOUP","$27.50","CS","LB","16.00"
"PU24","THUMANN WISCONSIN CHEESE SOUP","$23.70","CS","LB","16.00"
"PU27","THUMANN MUSHROOM SOUP","$24.30","CS","LB","16.00"
"PU29","THUMANN BEAN WITH HAM SOUP","$27.57","CS","LB","16.00"
"PU30","THUMANN CHILI","$42.83","CS","LB","16.00"
"PU31","THUMANN CHICKEN DUMPLING SOUP","$30.44","CS","LB","16.00"
"PU33","THU MANHATTAN CLAM CHOWDER","$30.88","CS","LB","16.00"
"PU36","THUMANN CREAM OF POTATO","$25.01","CS","LB","16.00"
"PU37","THUMANN CHICKEN WITH WILD RICE SOUP","$30.69","CS","LB","16.00"
"PU40","THUMANN BOSTON CLAM CHOWDER SOUP","$26.64","CS","LB","16.00"
"PU41","THUMANN CREAM OF BROCCOLI SOUP","$27.71","CS","LB","16.00"
"PU42","THUMANN VEGETABLE BEEF SOUP","$32.80","CS","LB","16.00"
"PU43","THUMANN MINESTRONE SOUP","$25.65","CS","LB","16.00"
"PU47","THUMANN MACARONI & CHEESE","$42.88","CS","LB","20.00"
"PU48","THUMANN LASAGNA SOUP","$38.47","CS","LB","16.00"
"PU50","THUMANN CHICKEN SAUSAGE GUMBO","$34.99","CS","LB","16.00"
"PU52","THUMANN CHEESEBURGER CHOWDER","$42.39","CS","LB","16.00"
"PU55","THUMANN CREAMY TOMATO SOUP","$30.43","CS","LB","16.00"
"PU56","THUMANN BROCCOLI & CHEESE SOUP","$28.13","CS","LB","16.00"
"PU58","THUMANN CHKN & CHEESE TORTILLA SOUP","$32.54","CS","LB","16.00"
"PU60","CHICKEN POT PIE FILLING 2/8","$42.65","CS","LB","16.00"
"PU64","MACARONI W/ BEEF&TOMATOES","$38.29","CS","LB","20.00"
"PU66","BEER CHEESE SOUP","$27.65","CS","LB","16.00"
"PU68","BEEF MUSHROOM&POTATO","$26.09","CS","LB","16.00"
"PU70","KNORR 095 BEEF BASE12/1#","$95.75","CS","LB","12.00"
"PU71","KNORR 095 CHICKEN BASE12/1#","$95.75","CS","LB","12.00"
"PU72","KNORR VEGETABLE BASE 12/1#","$91.75","CS","LB","12.00"
"PU73","BEEF&NOODLES 4/5#","$55.60","CS","LB","20.00"
"PU74","16/20 SHRIMP SHELL ON 6/4#","$5.65","LB","CS","24.00"